timestamp,instrument,volume,open,high,low,close
2024-01-01 09:15:00,NIFTY,1000,21000.0,21001.11188011805,20998.426499003785,20998.745401188473
2024-01-01 09:16:00,NIFTY,1000,20998.745401188473,21000.32461400398,20994.53791166268,20995.305346391833
2024-01-01 09:17:00,NIFTY,1000,20995.305346391833,20995.886224525857,20989.986021527613,20990.51119133479
2024-01-01 09:18:00,NIFTY,1000,20990.51119133479,20990.75315360635,20985.431956188662,20987.345236433324
2024-01-01 09:19:00,NIFTY,1000,20987.345236433324,20988.161681514277,20985.140810622128,20986.664686619744
2024-01-01 09:20:00,NIFTY,1000,20986.664686619744,20987.572710695265,20981.64732152493,20983.059625226266
2024-01-01 09:21:00,NIFTY,1000,20983.059625226266,20983.68910018719,20982.022604601523,20982.62032506844
2024-01-01 09:22:00,NIFTY,1000,20982.62032506844,20983.3070521771,20982.50940247873,20982.762669452575
2024-01-01 09:23:00,NIFTY,1000,20982.762669452575,20984.438371821696,20981.815229631527,20983.83811797159
2024-01-01 09:24:00,NIFTY,1000,20983.83811797159,20984.43982458382,20977.962560927142,20979.814839111656
2024-01-01 09:25:00,NIFTY,1000,20979.814839111656,20980.348487915497,20976.029693597786,20976.035221460104
2024-01-01 09:26:00,NIFTY,1000,20976.035221460104,20980.95097039299,20974.814377810133,20980.128425480892
2024-01-01 09:27:00,NIFTY,1000,20980.128425480892,20982.906738522444,20977.051896517503,20978.245536241782
2024-01-01 09:28:00,NIFTY,1000,20978.245536241782,20978.98400282178,20974.92271251585,20975.09408079704
2024-01-01 09:29:00,NIFTY,1000,20975.09408079704,20976.103166139907,20969.395711604026,20970.97900581756
2024-01-01 09:30:00,NIFTY,1000,20970.97900581756,20975.61043684271,20969.92188359134,20975.14979807175
2024-01-01 09:31:00,NIFTY,1000,20975.14979807175,20980.527826453937,20975.01536918912,20979.39727414925
2024-01-01 09:32:00,NIFTY,1000,20979.39727414925,20988.49177199559,20978.78559786041,20987.814849995284
2024-01-01 09:33:00,NIFTY,1000,20987.814849995284,20990.441149726987,20986.92710153569,20989.85902693227
2024-01-01 09:34:00,NIFTY,1000,20989.85902693227,20998.530301799823,20989.549814556423,20997.6910842766
2024-01-01 09:35:00,NIFTY,1000,20997.6910842766,21008.104064973155,20996.591437300816,21006.59591168361
2024-01-01 09:36:00,NIFTY,1000,21006.59591168361,21010.2107134599,21005.399705059524,21009.104378485892
2024-01-01 09:37:00,NIFTY,1000,21009.104378485892,21017.776023331822,21008.80781710156,21016.941227912597
2024-01-01 09:38:00,NIFTY,1000,21016.941227912597,21023.080583338942,21016.296108157992,21022.718947313893
2024-01-01 09:39:00,NIFTY,1000,21022.718947313893,21032.300661955713,21022.3807660619,21030.80522770283
2024-01-01 09:40:00,NIFTY,1000,21030.80522770283,21039.375337577832,21029.983325198453,21036.755592473743
2024-01-01 09:41:00,NIFTY,1000,21036.755592473743,21040.377695946285,21035.713100856403,21038.958945487695
2024-01-01 09:42:00,NIFTY,1000,21038.958945487695,21045.247182904848,21038.60183291618,21045.02751101701
2024-01-01 09:43:00,NIFTY,1000,21045.02751101701,21051.099832729997,21044.28379973324,21050.310574401297
2024-01-01 09:44:00,NIFTY,1000,21050.310574401297,21053.734907282826,21049.808817357713,21052.92641367993
2024-01-01 09:45:00,NIFTY,1000,21052.92641367993,21062.865443230192,21051.768227027,21062.363994898667
2024-01-01 09:46:00,NIFTY,1000,21062.363994898667,21071.865439823938,21061.850727465553,21071.33567962017
2024-01-01 09:47:00,NIFTY,1000,21071.33567962017,21081.84801374164,21071.160126326216,21080.47615160809
2024-01-01 09:48:00,NIFTY,1000,21080.47615160809,21090.34693510136,21080.14848946149,21089.64488200748
2024-01-01 09:49:00,NIFTY,1000,21089.64488200748,21094.742096927956,21089.352929336656,21093.468363307817
2024-01-01 09:50:00,NIFTY,1000,21093.468363307817,21102.35932143051,21093.23377617444,21102.35420797387
2024-01-01 09:51:00,NIFTY,1000,21102.35420797387,21108.089012450637,21102.0650711174,21107.693495999058
2024-01-01 09:52:00,NIFTY,1000,21107.693495999058,21112.555703081955,21107.289445142243,21112.394417370288
2024-01-01 09:53:00,NIFTY,1000,21112.394417370288,21119.487799152703,21110.99045863163,21118.544742344235
2024-01-01 09:54:00,NIFTY,1000,21118.544742344235,21130.2377702213,21118.518228468787,21128.318999006
2024-01-01 09:55:00,NIFTY,1000,21128.318999006,21132.700070643572,21127.886389725452,21132.59772296102
2024-01-01 09:56:00,NIFTY,1000,21132.59772296102,21138.811516111633,21132.29617561869,21138.61915514685
2024-01-01 09:57:00,NIFTY,1000,21138.61915514685,21142.118135087767,21138.611774996905,21141.77831412358
2024-01-01 09:58:00,NIFTY,1000,21141.77831412358,21146.85757911019,21141.026381090895,21145.71475629567
2024-01-01 09:59:00,NIFTY,1000,21145.71475629567,21150.417684490963,21144.33074057674,21149.615856647615
2024-01-01 10:00:00,NIFTY,1000,21149.615856647615,21150.73193706379,21147.425401021806,21150.14507996999
2024-01-01 10:01:00,NIFTY,1000,21150.14507996999,21150.63851245219,21147.583076441864,21148.506239050206
2024-01-01 10:02:00,NIFTY,1000,21148.506239050206,21148.605890415292,21146.748837437688,21147.252313091805
2024-01-01 10:03:00,NIFTY,1000,21147.252313091805,21147.971714884912,21146.886773794973,21147.962570539177
2024-01-01 10:04:00,NIFTY,1000,21147.962570539177,21149.0248742529,21146.394961209327,21146.868553639964
2024-01-01 10:05:00,NIFTY,1000,21146.868553639964,21148.252852808335,21146.707616263106,21147.632304592375
2024-01-01 10:06:00,NIFTY,1000,21147.632304592375,21148.41555788471,21145.86032685275,21146.18238836896
2024-01-01 10:07:00,NIFTY,1000,21146.18238836896,21148.23790786784,21145.626266570423,21147.881162842074
2024-01-01 10:08:00,NIFTY,1000,21147.881162842074,21148.748558960815,21146.57402008779,21148.52109902621
2024-01-01 10:09:00,NIFTY,1000,21148.52109902621,21148.964192297462,21148.315232309113,21148.63970133963
2024-01-01 10:10:00,NIFTY,1000,21148.63970133963,21150.4884471657,21147.857878467858,21150.22856437145
2024-01-01 10:11:00,NIFTY,1000,21150.22856437145,21151.527961185715,21148.7175373796,21149.58468353565
2024-01-01 10:12:00,NIFTY,1000,21149.58468353565,21151.423617425804,21149.23823532615,21151.173124575456
2024-01-01 10:13:00,NIFTY,1000,21151.173124575456,21151.967539429577,21150.32572314288,21151.74125116007
2024-01-01 10:14:00,NIFTY,1000,21151.74125116007,21152.034323633372,21149.063687948514,21149.77803936654
2024-01-01 10:15:00,NIFTY,1000,21149.77803936654,21149.952872378533,21146.58143080957,21147.798285701927
2024-01-01 10:16:00,NIFTY,1000,21147.798285701927,21149.757169989894,21147.141732093292,21148.565866492696
2024-01-01 10:17:00,NIFTY,1000,21148.565866492696,21150.16576280275,21147.435438439577,21149.41458337809
2024-01-01 10:18:00,NIFTY,1000,21149.41458337809,21151.3639251278,21149.00180245115,21150.400548998557
2024-01-01 10:19:00,NIFTY,1000,21150.400548998557,21151.89864165774,21150.25468714613,21151.03100056776
2024-01-01 10:20:00,NIFTY,1000,21151.03100056776,21151.920514997382,21149.686053495032,21150.50186378
2024-01-01 10:21:00,NIFTY,1000,21150.50186378,21153.2725795472,21150.262269271803,21152.393905999008
2024-01-01 10:22:00,NIFTY,1000,21152.393905999008,21152.93146239488,21150.94037192185,21152.918460503
2024-01-01 10:23:00,NIFTY,1000,21152.918460503,21154.632481308687,21152.883930846903,21153.226076041505
2024-01-01 10:24:00,NIFTY,1000,21153.226076041505,21155.18677700061,21152.743603626262,21154.11588450255
2024-01-01 10:25:00,NIFTY,1000,21154.11588450255,21156.001851228844,21153.3755436846,21155.87771883996
2024-01-01 10:26:00,NIFTY,1000,21155.87771883996,21158.591131834204,21154.36287161527,21157.744338116136
2024-01-01 10:27:00,NIFTY,1000,21157.744338116136,21160.07493142141,21157.2313727985,21159.1488848022
2024-01-01 10:28:00,NIFTY,1000,21159.1488848022,21159.549270777887,21158.763567422473,21159.37608985203
2024-01-01 10:29:00,NIFTY,1000,21159.37608985203,21159.887288255337,21158.567152960644,21159.656334532392
2024-01-01 10:30:00,NIFTY,1000,21159.656334532392,21161.674758651257,21158.51336423456,21161.61654993281
2024-01-01 10:31:00,NIFTY,1000,21161.61654993281,21163.99848937818,21160.550351388712,21163.12604222052
2024-01-01 10:32:00,NIFTY,1000,21163.12604222052,21165.313647924424,21162.188217180603,21163.935978556467
2024-01-01 10:33:00,NIFTY,1000,21163.935978556467,21165.477872298252,21163.678771065486,21165.17342317838
2024-01-01 10:34:00,NIFTY,1000,21165.17342317838,21167.34143307491,21161.320691687728,21166.82638538861
2024-01-01 10:35:00,NIFTY,1000,21166.82638538861,21169.350447432444,21165.8381827781,21168.01956610447
2024-01-01 10:36:00,NIFTY,1000,21168.01956610447,21169.518006026858,21167.260596883974,21169.202736782216
2024-01-01 10:37:00,NIFTY,1000,21169.202736782216,21169.367759580324,21167.849139674945,21168.705068592775
2024-01-01 10:38:00,NIFTY,1000,21168.705068592775,21171.019727159448,21164.98157249537,21166.84883768796
2024-01-01 10:39:00,NIFTY,1000,21166.84883768796,21167.26336949335,21165.914803983935,21165.995002696476
2024-01-01 10:40:00,NIFTY,1000,21165.995002696476,21166.466934562264,21163.055444854504,21164.144395451473
2024-01-01 10:41:00,NIFTY,1000,21164.144395451473,21165.704775592607,21162.52408650201,21162.65263750208
2024-01-01 10:42:00,NIFTY,1000,21162.65263750208,21163.383004133797,21161.29946302249,21161.515921612063
2024-01-01 10:43:00,NIFTY,1000,21161.515921612063,21163.90495756946,21157.87923473842,21159.72264849674
2024-01-01 10:44:00,NIFTY,1000,21159.72264849674,21162.29751068939,21159.536194181972,21160.27236810273
2024-01-01 10:45:00,NIFTY,1000,21160.27236810273,21161.897611626024,21158.60323574364,21161.453112881805
2024-01-01 10:46:00,NIFTY,1000,21161.453112881805,21161.958100160784,21158.901183213005,21159.766938407178
2024-01-01 10:47:00,NIFTY,1000,21159.766938407178,21160.101185498326,21159.084903278323,21159.402750184832
2024-01-01 10:48:00,NIFTY,1000,21159.402750184832,21161.168204425114,21157.998740066527,21158.40372177749
2024-01-01 10:49:00,NIFTY,1000,21158.40372177749,21159.42180754982,21156.75237079101,21159.04451128436
2024-01-01 10:50:00,NIFTY,1000,21159.04451128436,21161.01076423525,21158.560277211494,21159.491394269295
2024-01-01 10:51:00,NIFTY,1000,21159.491394269295,21159.728786230506,21157.043279303427,21158.9152849839
2024-01-01 10:52:00,NIFTY,1000,21158.9152849839,21162.15655232397,21156.28223398517,21157.306621626503
2024-01-01 10:53:00,NIFTY,1000,21157.306621626503,21159.30158319806,21154.69923626455,21155.999429106145
2024-01-01 10:54:00,NIFTY,1000,21155.999429106145,21156.90287398505,21155.86868852886,21156.462829498352
2024-01-01 10:55:00,NIFTY,1000,21156.462829498352,21156.52133840066,21153.613283028408,21155.961279956857
2024-01-01 10:56:00,NIFTY,1000,21155.961279956857,21158.368747972658,21155.499176482594,21157.38723932161
2024-01-01 10:57:00,NIFTY,1000,21157.38723932161,21157.589696847444,21155.608617704096,21155.669514311212
2024-01-01 10:58:00,NIFTY,1000,21155.669514311212,21156.126133981557,21155.00738363669,21156.012616636304
2024-01-01 10:59:00,NIFTY,1000,21156.012616636304,21156.627750314077,21153.453978699516,21155.56529634113
2024-01-01 11:00:00,NIFTY,1000,21155.56529634113,21155.899548593432,21154.976979134644,21155.747763498395
2024-01-01 11:01:00,NIFTY,1000,21155.747763498395,21158.07895851974,21155.54016523711,21157.59252575369
2024-01-01 11:02:00,NIFTY,1000,21157.59252575369,21158.18189051063,21156.01882617785,21156.868428274865
2024-01-01 11:03:00,NIFTY,1000,21156.868428274865,21157.820439368712,21153.88853733789,21155.34108758535
2024-01-01 11:04:00,NIFTY,1000,21155.34108758535,21157.6638377583,21154.711458743423,21156.85097563946
2024-01-01 11:05:00,NIFTY,1000,21156.85097563946,21157.402712649924,21155.268985971816,21155.979113929745
2024-01-01 11:06:00,NIFTY,1000,21155.979113929745,21157.22735448078,21155.861786546437,21157.206452886818
2024-01-01 11:07:00,NIFTY,1000,21157.206452886818,21157.875655614997,21155.53258791224,21156.694525229985
2024-01-01 11:08:00,NIFTY,1000,21156.694525229985,21158.635235735623,21155.595748377997,21158.4175545324
2024-01-01 11:09:00,NIFTY,1000,21158.4175545324,21159.828954156335,21158.155931476427,21159.421038803564
2024-01-01 11:10:00,NIFTY,1000,21159.421038803564,21162.336729237435,21159.40003496193,21161.03125043028
2024-01-01 11:11:00,NIFTY,1000,21161.03125043028,21161.270475228153,21159.457474123337,21160.311448834404
2024-01-01 11:12:00,NIFTY,1000,21160.311448834404,21160.635615186893,21158.224656385955,21158.354799440323
2024-01-01 11:13:00,NIFTY,1000,21158.354799440323,21162.069545667913,21157.289572357775,21160.15722802807
2024-01-01 11:14:00,NIFTY,1000,21160.15722802807,21161.163245409574,21158.7368215032,21159.951010115987
2024-01-01 11:15:00,NIFTY,1000,21159.951010115987,21161.411762269818,21159.283954012517,21160.641083940296
2024-01-01 11:16:00,NIFTY,1000,21160.641083940296,21161.811803284323,21159.74382956881,21161.799556511476
2024-01-01 11:17:00,NIFTY,1000,21161.799556511476,21163.889574260105,21158.259360034976,21160.029791551544
2024-01-01 11:18:00,NIFTY,1000,21160.029791551544,21162.406105479367,21159.70840570989,21161.580608282577
2024-01-01 11:19:00,NIFTY,1000,21161.580608282577,21162.19444962405,21158.794694222688,21160.152575010787
2024-01-01 11:20:00,NIFTY,1000,21160.152575010787,21160.397541581897,21158.050122539906,21158.55706571528
2024-01-01 11:21:00,NIFTY,1000,21158.55706571528,21159.116174917897,21155.975576149303,21156.848117740738
2024-01-01 11:22:00,NIFTY,1000,21156.848117740738,21158.29620208223,21153.766049088925,21155.1735128633
2024-01-01 11:23:00,NIFTY,1000,21155.1735128633,21157.088938575635,21153.813401497053,21156.42471113233
2024-01-01 11:24:00,NIFTY,1000,21156.42471113233,21156.73561869793,21153.283357782177,21154.758713999126
2024-01-01 11:25:00,NIFTY,1000,21154.758713999126,21155.0610382412,21154.451039207124,21154.455602036116
2024-01-01 11:26:00,NIFTY,1000,21154.455602036116,21154.778320596455,21153.503013660546,21154.330244604094
2024-01-01 11:27:00,NIFTY,1000,21154.330244604094,21155.807110604957,21154.241371597964,21155.314424121156
2024-01-01 11:28:00,NIFTY,1000,21155.314424121156,21156.00456811287,21154.412685967363,21154.81390643925
2024-01-01 11:29:00,NIFTY,1000,21154.81390643925,21154.883559103768,21152.724785486967,21153.708289793325
2024-01-01 11:30:00,NIFTY,1000,21153.708289793325,21155.77782507635,21152.93528000947,21155.6801489778
2024-01-01 11:31:00,NIFTY,1000,21155.6801489778,21159.833120417843,21155.273922292752,21157.557359120277
2024-01-01 11:32:00,NIFTY,1000,21157.557359120277,21160.493536333724,21156.79001155739,21158.340353876218
2024-01-01 11:33:00,NIFTY,1000,21158.340353876218,21158.788543059534,21157.364044749735,21158.677611123905
2024-01-01 11:34:00,NIFTY,1000,21158.677611123905,21159.997863357297,21158.078218478466,21159.158141515112
2024-01-01 11:35:00,NIFTY,1000,21159.158141515112,21160.19074191913,21157.202803809876,21159.012935134873
2024-01-01 11:36:00,NIFTY,1000,21159.012935134873,21159.35469111065,21155.44770284352,21157.323873682733
2024-01-01 11:37:00,NIFTY,1000,21157.323873682733,21157.89522119306,21155.591460327865,21156.56198414788
2024-01-01 11:38:00,NIFTY,1000,21156.56198414788,21157.8822173549,21153.380993139406,21155.21245190526
2024-01-01 11:39:00,NIFTY,1000,21155.21245190526,21157.01697695447,21154.930230716272,21156.943365838677
2024-01-01 11:40:00,NIFTY,1000,21156.943365838677,21159.898713690895,21155.58949346451,21158.185579161804
2024-01-01 11:41:00,NIFTY,1000,21158.185579161804,21160.34087191095,21157.906856126832,21160.065236753064
2024-01-01 11:42:00,NIFTY,1000,21160.065236753064,21161.659664411854,21159.34063436929,21159.940009392245
2024-01-01 11:43:00,NIFTY,1000,21159.940009392245,21160.199398701243,21157.863163088517,21158.165511378847
2024-01-01 11:44:00,NIFTY,1000,21158.165511378847,21160.16962577171,21158.118530785083,21160.16438207199
2024-01-01 11:45:00,NIFTY,1000,21160.16438207199,21161.553355440927,21158.565258599458,21161.24033173271
2024-01-01 11:46:00,NIFTY,1000,21161.24033173271,21161.36062736442,21159.24253055926,21159.75696939332
2024-01-01 11:47:00,NIFTY,1000,21159.75696939332,21160.81741620743,21157.130169618413,21158.67154061533
2024-01-01 11:48:00,NIFTY,1000,21158.67154061533,21159.00385462731,21157.355704950907,21158.104191487462
2024-01-01 11:49:00,NIFTY,1000,21158.104191487462,21158.30028375929,21156.55292863273,21158.185422291077
2024-01-01 11:50:00,NIFTY,1000,21158.185422291077,21161.654896217235,21156.43008144863,21159.59414829235
2024-01-01 11:51:00,NIFTY,1000,21159.59414829235,21162.12114595025,21159.325053854423,21161.100762702987
2024-01-01 11:52:00,NIFTY,1000,21161.100762702987,21161.746138652572,21157.847261850708,21159.21589340824
2024-01-01 11:53:00,NIFTY,1000,21159.21589340824,21160.46586280741,21158.873584769615,21160.032212480637
2024-01-01 11:54:00,NIFTY,1000,21160.032212480637,21161.090636967485,21156.331651656885,21158.09039114331
2024-01-01 11:55:00,NIFTY,1000,21158.09039114331,21158.976454703556,21157.522289502667,21157.659367323708
2024-01-01 11:56:00,NIFTY,1000,21157.659367323708,21159.161724375805,21156.978294411383,21157.0523891918
2024-01-01 11:57:00,NIFTY,1000,21157.0523891918,21158.033936568532,21156.307859764023,21156.638560321087
2024-01-01 11:58:00,NIFTY,1000,21156.638560321087,21160.14002525507,21156.58301262219,21158.43664281572
2024-01-01 11:59:00,NIFTY,1000,21158.43664281572,21158.44284195539,21157.870066513588,21158.273185840673
2024-01-01 12:00:00,NIFTY,1000,21158.273185840673,21159.577655341174,21156.918519732993,21157.588192281823
2024-01-01 12:01:00,NIFTY,1000,21157.588192281823,21158.689444186668,21155.403972319335,21155.891645594256
2024-01-01 12:02:00,NIFTY,1000,21155.891645594256,21155.95432469153,21154.31917240705,21155.27431472755
2024-01-01 12:03:00,NIFTY,1000,21155.27431472755,21156.391229152327,21154.79864337958,21155.944545681636
2024-01-01 12:04:00,NIFTY,1000,21155.944545681636,21156.474803300007,21153.31514731444,21154.1080201467
2024-01-01 12:05:00,NIFTY,1000,21154.1080201467,21155.542109015933,21152.624529259894,21152.81606208381
2024-01-01 12:06:00,NIFTY,1000,21152.81606208381,21154.780787216725,21152.237877976033,21152.273141528003
2024-01-01 12:07:00,NIFTY,1000,21152.273141528003,21152.787730518692,21149.22575501479,21150.430390087367
2024-01-01 12:08:00,NIFTY,1000,21150.430390087367,21150.542718137058,21148.536456615628,21148.75742621516
2024-01-01 12:09:00,NIFTY,1000,21148.75742621516,21150.71864350659,21148.17792181361,21149.982231334332
2024-01-01 12:10:00,NIFTY,1000,21149.982231334332,21150.25728303148,21146.517707462943,21148.81962862768
2024-01-01 12:11:00,NIFTY,1000,21148.81962862768,21149.91917189649,21146.627498571437,21149.292647713803
2024-01-01 12:12:00,NIFTY,1000,21149.292647713803,21150.859088429395,21148.98139755926,21150.28253146634
2024-01-01 12:13:00,NIFTY,1000,21150.28253146634,21151.301509782526,21150.203049014523,21150.3292412348
2024-01-01 12:14:00,NIFTY,1000,21150.3292412348,21151.93568755506,21149.91542706623,21150.118890702095
2024-01-01 12:15:00,NIFTY,1000,21150.118890702095,21150.305795824657,21149.14807274852,21149.195863625893
2024-01-01 12:16:00,NIFTY,1000,21149.195863625893,21149.842436510135,21147.40263228461,21148.484180288226
2024-01-01 12:17:00,NIFTY,1000,21148.484180288226,21148.70240302076,21146.052664693132,21146.963228815504
2024-01-01 12:18:00,NIFTY,1000,21146.963228815504,21147.6876107334,21145.483284676615,21147.67963809208
2024-01-01 12:19:00,NIFTY,1000,21147.67963809208,21150.053967495576,21145.012786551742,21146.027319244433
2024-01-01 12:20:00,NIFTY,1000,21146.027319244433,21148.046323295497,21145.83698056635,21147.00907714117
2024-01-01 12:21:00,NIFTY,1000,21147.00907714117,21148.4048090771,21144.834531474353,21146.144180764364
2024-01-01 12:22:00,NIFTY,1000,21146.144180764364,21147.82586155686,21145.581211527675,21146.42729398304
2024-01-01 12:23:00,NIFTY,1000,21146.42729398304,21146.885403885874,21144.20843094327,21144.834423873523
2024-01-01 12:24:00,NIFTY,1000,21144.834423873523,21145.42681779776,21142.61315859688,21143.47714936656
2024-01-01 12:25:00,NIFTY,1000,21143.47714936656,21145.979908888225,21141.486001546185,21142.17064374774
2024-01-01 12:26:00,NIFTY,1000,21142.17064374774,21144.339106262243,21141.2630800857,21144.100158215377
2024-01-01 12:27:00,NIFTY,1000,21144.100158215377,21146.21536433324,21143.82658081224,21145.978039948477
2024-01-01 12:28:00,NIFTY,1000,21145.978039948477,21146.4789571361,21144.03209601186,21145.009651256656
2024-01-01 12:29:00,NIFTY,1000,21145.009651256656,21148.77047570285,21143.390039101218,21146.727155213168
2024-01-01 12:30:00,NIFTY,1000,21146.727155213168,21147.389778972112,21145.276472919217,21145.84707158781
2024-01-01 12:31:00,NIFTY,1000,21145.84707158781,21146.1268289376,21142.400833688967,21145.141788533427
2024-01-01 12:32:00,NIFTY,1000,21145.141788533427,21145.401511035147,21143.207110837982,21144.111427463085
2024-01-01 12:33:00,NIFTY,1000,21144.111427463085,21145.25056919167,21142.998207010343,21143.26594967605
2024-01-01 12:34:00,NIFTY,1000,21143.26594967605,21143.917785783848,21143.14311141215,21143.190510083467
2024-01-01 12:35:00,NIFTY,1000,21143.190510083467,21143.792478762363,21141.776676101606,21142.53692719624
2024-01-01 12:36:00,NIFTY,1000,21142.53692719624,21143.792742263053,21141.09535857558,21143.262938085136
2024-01-01 12:37:00,NIFTY,1000,21143.262938085136,21145.033181273477,21142.1166137703,21143.149242839336
2024-01-01 12:38:00,NIFTY,1000,21143.149242839336,21145.238505289697,21142.54525765262,21144.867359416327
2024-01-01 12:39:00,NIFTY,1000,21144.867359416327,21147.108765322988,21143.28722532125,21146.62072124361
2024-01-01 12:40:00,NIFTY,1000,21146.62072124361,21148.325639012717,21146.208844277488,21147.98803635064
2024-01-01 12:41:00,NIFTY,1000,21147.98803635064,21148.30651486129,21146.475488609765,21146.794545630833
2024-01-01 12:42:00,NIFTY,1000,21146.794545630833,21148.342619368657,21144.719144832183,21148.05284451176
2024-01-01 12:43:00,NIFTY,1000,21148.05284451176,21148.323047830436,21146.54054951059,21147.488166448253
2024-01-01 12:44:00,NIFTY,1000,21147.488166448253,21150.792688741316,21146.480080137335,21148.754564206138
2024-01-01 12:45:00,NIFTY,1000,21148.754564206138,21149.80615724681,21147.761738386573,21148.605283348817
2024-01-01 12:46:00,NIFTY,1000,21148.605283348817,21148.943092282952,21148.38618282001,21148.61616490919
2024-01-01 12:47:00,NIFTY,1000,21148.61616490919,21149.508575729003,21148.056109348792,21148.15172979468
2024-01-01 12:48:00,NIFTY,1000,21148.15172979468,21150.127268024116,21147.007975751476,21148.648681778337
2024-01-01 12:49:00,NIFTY,1000,21148.648681778337,21149.158059894675,21145.95844301376,21147.20577006899
2024-01-01 12:50:00,NIFTY,1000,21147.20577006899,21147.52148069195,21146.95754948269,21147.339614436896
2024-01-01 12:51:00,NIFTY,1000,21147.339614436896,21148.43100487419,21145.12931251657,21145.94631395583
2024-01-01 12:52:00,NIFTY,1000,21145.94631395583,21146.99366536334,21145.468656509063,21146.92209912612
2024-01-01 12:53:00,NIFTY,1000,21146.92209912612,21148.31946060286,21146.092960441536,21147.971933869085
2024-01-01 12:54:00,NIFTY,1000,21147.971933869085,21149.526838023063,21146.993170153302,21149.256963087773
2024-01-01 12:55:00,NIFTY,1000,21149.256963087773,21150.873552493344,21148.704317314427,21150.446144550893
2024-01-01 12:56:00,NIFTY,1000,21150.446144550893,21152.20476074457,21149.09050669209,21151.335154824465
2024-01-01 12:57:00,NIFTY,1000,21151.335154824465,21153.74316668176,21151.054190503542,21152.110948602334
2024-01-01 12:58:00,NIFTY,1000,21152.110948602334,21153.88966885124,21149.99768826486,21151.49373257635
2024-01-01 12:59:00,NIFTY,1000,21151.49373257635,21151.674263418154,21148.69818420753,21151.341755790927
2024-01-01 13:00:00,NIFTY,1000,21151.341755790927,21151.89696752727,21150.61598916703,21151.787572732665
2024-01-01 13:01:00,NIFTY,1000,21151.787572732665,21152.791037065155,21151.345456067353,21152.57417602817
2024-01-01 13:02:00,NIFTY,1000,21152.57417602817,21154.456200524644,21149.83891215367,21151.184332199828
2024-01-01 13:03:00,NIFTY,1000,21151.184332199828,21151.368215551734,21150.780759442456,21150.880854885036
2024-01-01 13:04:00,NIFTY,1000,21150.880854885036,21153.57273375692,21150.755067964936,21152.58312893666
2024-01-01 13:05:00,NIFTY,1000,21152.58312893666,21157.06118483425,21152.059176269555,21154.52249373251
2024-01-01 13:06:00,NIFTY,1000,21154.52249373251,21154.68050163109,21153.691623478044,21154.11850454799
2024-01-01 13:07:00,NIFTY,1000,21154.11850454799,21156.182164831414,21151.797767174012,21155.329918342384
2024-01-01 13:08:00,NIFTY,1000,21155.329918342384,21158.299301707775,21154.03483957032,21157.009340808036
2024-01-01 13:09:00,NIFTY,1000,21157.009340808036,21159.462110818105,21156.748605643144,21157.959345800475
2024-01-01 13:10:00,NIFTY,1000,21157.959345800475,21158.20508886456,21157.496380295255,21157.769103865005
2024-01-01 13:11:00,NIFTY,1000,21157.769103865005,21158.573542975115,21157.605361062597,21157.762574955963
2024-01-01 13:12:00,NIFTY,1000,21157.762574955963,21159.61153105091,21156.085585522884,21157.21215055243
2024-01-01 13:13:00,NIFTY,1000,21157.21215055243,21158.229342722974,21154.747859070136,21155.264528378782
2024-01-01 13:14:00,NIFTY,1000,21155.264528378782,21157.377698339216,21154.15800247004,21157.10880964866
2024-01-01 13:15:00,NIFTY,1000,21157.10880964866,21157.109508766214,21155.29195234002,21155.450208320977
2024-01-01 13:16:00,NIFTY,1000,21155.450208320977,21155.84567768217,21155.426083233862,21155.831748390257
2024-01-01 13:17:00,NIFTY,1000,21155.831748390257,21155.94659240974,21154.51633413904,21154.671370762637
2024-01-01 13:18:00,NIFTY,1000,21154.671370762637,21154.704124032854,21152.89069687416,21153.434121645292
2024-01-01 13:19:00,NIFTY,1000,21153.434121645292,21155.08206844738,21150.774770288244,21153.69348617834
2024-01-01 13:20:00,NIFTY,1000,21153.69348617834,21154.93957137084,21151.383146933687,21153.456537166097
2024-01-01 13:21:00,NIFTY,1000,21153.456537166097,21153.746379430264,21151.82267688145,21152.077498149814
2024-01-01 13:22:00,NIFTY,1000,21152.077498149814,21155.26947169307,21151.299681462227,21153.86195999835
2024-01-01 13:23:00,NIFTY,1000,21153.86195999835,21154.799849142542,21153.79237017544,21154.43795817131
2024-01-01 13:24:00,NIFTY,1000,21154.43795817131,21155.373636564455,21151.791013465783,21153.062568560777
2024-01-01 13:25:00,NIFTY,1000,21153.062568560777,21153.76703866424,21150.44263738085,21151.170952530792
2024-01-01 13:26:00,NIFTY,1000,21151.170952530792,21152.383043771468,21150.681577969564,21151.858523505187
2024-01-01 13:27:00,NIFTY,1000,21151.858523505187,21152.820189464474,21151.629307453633,21152.469507936596
2024-01-01 13:28:00,NIFTY,1000,21152.469507936596,21153.1804679048,21150.99793338911,21151.442196700595
2024-01-01 13:29:00,NIFTY,1000,21151.442196700595,21154.40947340154,21150.43510733629,21152.763076158863
2024-01-01 13:30:00,NIFTY,1000,21152.763076158863,21153.35617741683,21151.27346690121,21151.583013340525
2024-01-01 13:31:00,NIFTY,1000,21151.583013340525,21153.25279251259,21147.870334100306,21149.63502103457
2024-01-01 13:32:00,NIFTY,1000,21149.63502103457,21151.7284308994,21148.586011808733,21151.20570787888
2024-01-01 13:33:00,NIFTY,1000,21151.20570787888,21152.52147438716,21148.490294565665,21150.243401612603
2024-01-01 13:34:00,NIFTY,1000,21150.243401612603,21151.5238309651,21147.560861993912,21149.315656175895
2024-01-01 13:35:00,NIFTY,1000,21149.315656175895,21151.277314315554,21148.770733940935,21149.523844899304
2024-01-01 13:36:00,NIFTY,1000,21149.523844899304,21151.86257721396,21149.12470878495,21151.31765812715
2024-01-01 13:37:00,NIFTY,1000,21151.31765812715,21153.763352720915,21151.286699876513,21152.791530030743
2024-01-01 13:38:00,NIFTY,1000,21152.791530030743,21154.35456326675,21152.734584407022,21153.990951054533
2024-01-01 13:39:00,NIFTY,1000,21153.990951054533,21156.146190592965,21152.393403207658,21153.065660492073
2024-01-01 13:40:00,NIFTY,1000,21153.065660492073,21153.2365259302,21151.913227897458,21152.09721123381
2024-01-01 13:41:00,NIFTY,1000,21152.09721123381,21155.32326733638,21151.99639381155,21154.03481995662
2024-01-01 13:42:00,NIFTY,1000,21154.03481995662,21154.23066521172,21152.145676485085,21153.1240492627
2024-01-01 13:43:00,NIFTY,1000,21153.1240492627,21155.12962330834,21151.502678565656,21152.220270145448
2024-01-01 13:44:00,NIFTY,1000,21152.220270145448,21153.795267094592,21151.2375791615,21153.539237360277
2024-01-01 13:45:00,NIFTY,1000,21153.539237360277,21154.945062693572,21153.028940970697,21153.94130480201
2024-01-01 13:46:00,NIFTY,1000,21153.94130480201,21157.439826817044,21152.661727835275,21155.59895258571
2024-01-01 13:47:00,NIFTY,1000,21155.59895258571,21156.022636493137,21155.400394222816,21155.67462340684
2024-01-01 13:48:00,NIFTY,1000,21155.67462340684,21156.698749647698,21154.26796230999,21156.087231844707
2024-01-01 13:49:00,NIFTY,1000,21156.087231844707,21157.428543764407,21154.358229002923,21155.24200679179
2024-01-01 13:50:00,NIFTY,1000,21155.24200679179,21156.19140568062,21151.798111589444,21154.43049365428
2024-01-01 13:51:00,NIFTY,1000,21154.43049365428,21155.18049912268,21154.25145685773,21155.08517831573
2024-01-01 13:52:00,NIFTY,1000,21155.08517831573,21155.660816141968,21153.82293001545,21153.944939830093
2024-01-01 13:53:00,NIFTY,1000,21153.944939830093,21155.634497056173,21152.94328261877,21153.930404818897
2024-01-01 13:54:00,NIFTY,1000,21153.930404818897,21155.049042124378,21152.15960418326,21155.01405363388
2024-01-01 13:55:00,NIFTY,1000,21155.01405363388,21157.32561553727,21154.613672273696,21155.76766321959
2024-01-01 13:56:00,NIFTY,1000,21155.76766321959,21157.676480229344,21154.79510876997,21157.044072490287
2024-01-01 13:57:00,NIFTY,1000,21157.044072490287,21158.80693941916,21154.98851783659,21156.132653039207
2024-01-01 13:58:00,NIFTY,1000,21156.132653039207,21156.20708646831,21153.87830923496,21154.498981332512
2024-01-01 13:59:00,NIFTY,1000,21154.498981332512,21155.563550010535,21153.11990737898,21153.239513047865
2024-01-01 14:00:00,NIFTY,1000,21153.239513047865,21154.728203041435,21152.15873232231,21154.168412593503
2024-01-01 14:01:00,NIFTY,1000,21154.168412593503,21155.39126316011,21153.53547095971,21154.937518851573
2024-01-01 14:02:00,NIFTY,1000,21154.937518851573,21155.367137070705,21154.687531018983,21154.895218706144
2024-01-01 14:03:00,NIFTY,1000,21154.895218706144,21155.713703440782,21153.483672432405,21153.617520086653
2024-01-01 14:04:00,NIFTY,1000,21153.617520086653,21154.698576627063,21150.700151147663,21151.753304000995
2024-01-01 14:05:00,NIFTY,1000,21151.753304000995,21154.57995822003,21151.672888227287,21153.4508887825
2024-01-01 14:06:00,NIFTY,1000,21153.4508887825,21155.767370182617,21152.93484405428,21154.82908637664
2024-01-01 14:07:00,NIFTY,1000,21154.82908637664,21156.234246299005,21152.476083571983,21152.977116915503
2024-01-01 14:08:00,NIFTY,1000,21152.977116915503,21153.199250687136,21150.98063583695,21151.459384458612
2024-01-01 14:09:00,NIFTY,1000,21151.459384458612,21151.72041171186,21150.683899592867,21150.818884313685
2024-01-01 14:10:00,NIFTY,1000,21150.818884313685,21152.265862198037,21149.883490888496,21150.080045665007
2024-01-01 14:11:00,NIFTY,1000,21150.080045665007,21150.947810689177,21149.07202347134,21149.355055676737
2024-01-01 14:12:00,NIFTY,1000,21149.355055676737,21149.900792418743,21148.28957530167,21149.818508429467
2024-01-01 14:13:00,NIFTY,1000,21149.818508429467,21152.79795017411,21149.135076639337,21151.57477922352
2024-01-01 14:14:00,NIFTY,1000,21151.57477922352,21153.87367734714,21150.81966431752,21151.182502877957
2024-01-01 14:15:00,NIFTY,1000,21151.182502877957,21154.359031659835,21149.423903877963,21152.677211334703
2024-01-01 14:16:00,NIFTY,1000,21152.677211334703,21154.047727358156,21152.39542672584,21153.62754054106
2024-01-01 14:17:00,NIFTY,1000,21153.62754054106,21154.633656434144,21151.995117213795,21153.046029171623
2024-01-01 14:18:00,NIFTY,1000,21153.046029171623,21153.080714059008,21151.74624544329,21151.980460175822
2024-01-01 14:19:00,NIFTY,1000,21151.980460175822,21153.0510382555,21150.835143528,21151.51776676446
2024-01-01 14:20:00,NIFTY,1000,21151.51776676446,21154.301933898736,21151.303777920235,21153.31761150026
2024-01-01 14:21:00,NIFTY,1000,21153.31761150026,21157.406262344834,21152.653714586715,21155.096539589427
2024-01-01 14:22:00,NIFTY,1000,21155.096539589427,21155.26299179764,21153.27222410979,21153.764675373797
2024-01-01 14:23:00,NIFTY,1000,21153.764675373797,21155.76558289097,21153.690712409723,21154.19562255331
2024-01-01 14:24:00,NIFTY,1000,21154.19562255331,21154.81876307974,21152.346257562174,21152.901734681334
2024-01-01 14:25:00,NIFTY,1000,21152.901734681334,21154.51604162193,21152.733619785708,21154.0200725756
2024-01-01 14:26:00,NIFTY,1000,21154.0200725756,21157.316987344155,21153.44932628185,21155.896483096163
2024-01-01 14:27:00,NIFTY,1000,21155.896483096163,21157.02418415791,21155.51993044514,21156.68056556838
2024-01-01 14:28:00,NIFTY,1000,21156.68056556838,21156.88348858923,21154.062583740728,21155.578327855725
2024-01-01 14:29:00,NIFTY,1000,21155.578327855725,21156.790197673676,21155.413630028288,21155.95008759509
2024-01-01 14:30:00,NIFTY,1000,21155.95008759509,21158.072719736097,21155.562386035155,21157.45993104561
2024-01-01 14:31:00,NIFTY,1000,21157.45993104561,21159.55842246788,21156.376321391705,21159.014923365088
2024-01-01 14:32:00,NIFTY,1000,21159.014923365088,21159.39530007502,21158.21662612055,21159.218352847525
2024-01-01 14:33:00,NIFTY,1000,21159.218352847525,21160.102453684085,21157.75842312417,21158.709106915576
2024-01-01 14:34:00,NIFTY,1000,21158.709106915576,21159.226718214613,21158.46882190425,21158.69260985589
2024-01-01 14:35:00,NIFTY,1000,21158.69260985589,21163.578246340847,21157.82238661375,21160.09743751209
2024-01-01 14:36:00,NIFTY,1000,21160.09743751209,21160.95650809324,21159.053276635015,21160.467068650723
2024-01-01 14:37:00,NIFTY,1000,21160.467068650723,21162.818529528624,21160.004520098075,21161.17913326096
2024-01-01 14:38:00,NIFTY,1000,21161.17913326096,21163.284308037073,21160.070429680374,21162.69365320638
2024-01-01 14:39:00,NIFTY,1000,21162.69365320638,21164.5015977159,21161.97864619258,21164.09598012276
2024-01-01 14:40:00,NIFTY,1000,21164.09598012276,21166.5107081258,21162.92668453231,21165.44403343621
2024-01-01 14:41:00,NIFTY,1000,21165.44403343621,21166.567670273977,21164.9634713288,21165.918478949072
2024-01-01 14:42:00,NIFTY,1000,21165.918478949072,21167.609080066184,21165.77176526264,21167.441961985867
2024-01-01 14:43:00,NIFTY,1000,21167.441961985867,21168.131502306947,21166.28748188534,21166.782437402904
2024-01-01 14:44:00,NIFTY,1000,21166.782437402904,21168.083050322315,21165.503985540297,21168.05430549938
2024-01-01 14:45:00,NIFTY,1000,21168.05430549938,21168.872058195255,21164.5904559266,21166.079848986246
2024-01-01 14:46:00,NIFTY,1000,21166.079848986246,21169.364449839337,21165.33359542022,21168.004593698355
2024-01-01 14:47:00,NIFTY,1000,21168.004593698355,21170.03575025627,21167.79096327393,21168.540616510752
2024-01-01 14:48:00,NIFTY,1000,21168.540616510752,21168.79000019446,21165.391085786297,21166.96853906606
2024-01-01 14:49:00,NIFTY,1000,21166.96853906606,21170.0294890256,21165.52704481799,21168.820507081495
2024-01-01 14:50:00,NIFTY,1000,21168.820507081495,21170.995053118084,21168.626417088595,21170.548619503537
2024-01-01 14:51:00,NIFTY,1000,21170.548619503537,21170.911576782502,21169.577834501953,21169.75247377132
2024-01-01 14:52:00,NIFTY,1000,21169.75247377132,21171.27620224095,21168.22928686654,21170.081155612028
2024-01-01 14:53:00,NIFTY,1000,21170.081155612028,21170.448257878816,21167.738318359967,21168.26412374728
2024-01-01 14:54:00,NIFTY,1000,21168.26412374728,21169.82964777651,21166.29672115204,21166.362471413115
2024-01-01 14:55:00,NIFTY,1000,21166.362471413115,21168.796646471477,21165.955978536414,21167.09565291954
2024-01-01 14:56:00,NIFTY,1000,21167.09565291954,21170.532164820583,21164.89684696292,21169.08415092017
2024-01-01 14:57:00,NIFTY,1000,21169.08415092017,21169.732787254892,21166.75133730568,21167.738646204936
2024-01-01 14:58:00,NIFTY,1000,21167.738646204936,21167.982446918708,21166.05764602535,21166.621724656092
2024-01-01 14:59:00,NIFTY,1000,21166.621724656092,21167.46218229167,21165.474766027357,21167.239769513217
2024-01-01 15:00:00,NIFTY,1000,21167.239769513217,21170.860870189936,21166.169684746892,21169.014233193888
2024-01-01 15:01:00,NIFTY,1000,21169.014233193888,21169.912121732646,21168.398043617308,21168.60461078574
2024-01-01 15:02:00,NIFTY,1000,21168.60461078574,21169.85615020993,21166.080664605233,21167.524429209305
2024-01-01 15:03:00,NIFTY,1000,21167.524429209305,21169.487364019275,21167.49550432513,21168.981862208664
2024-01-01 15:04:00,NIFTY,1000,21168.981862208664,21169.32458755504,21167.267211052324,21167.72396427148
2024-01-01 15:05:00,NIFTY,1000,21167.72396427148,21169.26758067588,21167.11644994433,21168.807651650055
2024-01-01 15:06:00,NIFTY,1000,21168.807651650055,21169.50905410628,21168.098647892468,21169.31253293658
2024-01-01 15:07:00,NIFTY,1000,21169.31253293658,21171.52939960329,21169.26276642693,21170.49868210049
2024-01-01 15:08:00,NIFTY,1000,21170.49868210049,21171.175074402545,21167.198484836383,21168.999425269296
2024-01-01 15:09:00,NIFTY,1000,21168.999425269296,21169.740257677266,21167.787235144708,21167.8015241761
2024-01-01 15:10:00,NIFTY,1000,21167.8015241761,21168.970053332745,21167.148900196797,21168.129409783756
2024-01-01 15:11:00,NIFTY,1000,21168.129409783756,21168.40630862355,21167.34546857307,21167.37085761945
2024-01-01 15:12:00,NIFTY,1000,21167.37085761945,21167.8231639387,21163.236765844,21165.66064517063
2024-01-01 15:13:00,NIFTY,1000,21165.66064517063,21167.08424888557,21164.56701622457,21166.060727363107
2024-01-01 15:14:00,NIFTY,1000,21166.060727363107,21168.468193094992,21166.013016006964,21167.501216951863
2024-01-01 15:15:00,NIFTY,1000,21167.501216951863,21169.903243233697,21166.44679392587,21166.469397015313
2024-01-01 15:16:00,NIFTY,1000,21166.469397015313,21167.50022107132,21166.44251117632,21167.27925689749
2024-01-01 15:17:00,NIFTY,1000,21167.27925689749,21168.155575565463,21166.5474418973,21166.585102130462
2024-01-01 15:18:00,NIFTY,1000,21166.585102130462,21167.58672214036,21165.706509562417,21165.987609855303
2024-01-01 15:19:00,NIFTY,1000,21165.987609855303,21167.24665598566,21165.364300048648,21166.257773248348
2024-01-01 15:20:00,NIFTY,1000,21166.257773248348,21167.657128684932,21164.133740542413,21165.05837422533
2024-01-01 15:21:00,NIFTY,1000,21165.05837422533,21166.87035434946,21162.826793075936,21163.184718804627
2024-01-01 15:22:00,NIFTY,1000,21163.184718804627,21165.56378851964,21162.549547002945,21164.668595299612
2024-01-01 15:23:00,NIFTY,1000,21164.668595299612,21164.78312866583,21163.076250598788,21164.026396069785
2024-01-01 15:24:00,NIFTY,1000,21164.026396069785,21167.37084802226,21163.337208251694,21165.29558714963
2024-01-01 15:25:00,NIFTY,1000,21165.29558714963,21165.7707194102,21165.091037753544,21165.401197793377
2024-01-01 15:26:00,NIFTY,1000,21165.401197793377,21166.05261579699,21163.158720295283,21163.64260612934
2024-01-01 15:27:00,NIFTY,1000,21163.64260612934,21166.161316642578,21163.113307891792,21165.129740395707
2024-01-01 15:28:00,NIFTY,1000,21165.129740395707,21166.31288901654,21162.987470037097,21166.28853442428
2024-01-01 15:29:00,NIFTY,1000,21166.28853442428,21167.443202035676,21165.535208663903,21166.50998862803
2024-01-02 09:15:00,NIFTY,1000,21200.0,21205.001342638738,21199.87996867328,21204.963339160568
2024-01-02 09:16:00,NIFTY,1000,21204.963339160568,21205.46559487676,21201.74716869948,21201.95876366986
2024-01-02 09:17:00,NIFTY,1000,21201.95876366986,21202.21614020728,21195.59670461804,21197.265288691917
2024-01-02 09:18:00,NIFTY,1000,21197.265288691917,21201.88089283033,21196.392130143297,21200.948013746
2024-01-02 09:19:00,NIFTY,1000,21200.948013746,21202.173779409004,21198.738572210274,21200.20294709048
2024-01-02 09:20:00,NIFTY,1000,21200.20294709048,21206.641249589236,21198.20120998795,21205.07944272784
2024-01-02 09:21:00,NIFTY,1000,21205.07944272784,21208.410700165423,21205.04093425834,21207.332019331992
2024-01-02 09:22:00,NIFTY,1000,21207.332019331992,21212.97199025265,21206.75925090744,21211.339037972102
2024-01-02 09:23:00,NIFTY,1000,21211.339037972102,21213.739081607764,21209.958946617957,21212.26254125804
2024-01-02 09:24:00,NIFTY,1000,21212.26254125804,21214.995296987683,21211.576930976957,21214.59367148219
2024-01-02 09:25:00,NIFTY,1000,21214.59367148219,21219.234301842695,21213.922048114255,21218.683996688847
2024-01-02 09:26:00,NIFTY,1000,21218.683996688847,21223.72174775687,21218.392506709853,21223.397947629262
2024-01-02 09:27:00,NIFTY,1000,21223.397947629262,21223.941547783856,21222.950111861657,21223.320726193742
2024-01-02 09:28:00,NIFTY,1000,21223.320726193742,21225.555152636058,21222.538578914915,21222.77377874377
2024-01-02 09:29:00,NIFTY,1000,21222.77377874377,21224.065728199523,21221.654108849143,21223.70328725812
2024-01-02 09:30:00,NIFTY,1000,21223.70328725812,21224.51058038293,21220.212819777706,21221.4585858368
2024-01-02 09:31:00,NIFTY,1000,21221.4585858368,21221.926287038114,21213.71360246887,21214.0601063506
2024-01-02 09:32:00,NIFTY,1000,21214.0601063506,21215.61600500109,21211.546278740727,21211.818674711227
2024-01-02 09:33:00,NIFTY,1000,21211.818674711227,21211.895496602287,21201.12365646568,21202.406648689863
2024-01-02 09:34:00,NIFTY,1000,21202.406648689863,21202.665899132448,21193.86898717994,21195.102674101316
2024-01-02 09:35:00,NIFTY,1000,21195.102674101316,21196.60343389195,21186.242166539905,21187.092388282017
2024-01-02 09:36:00,NIFTY,1000,21187.092388282017,21187.939467292003,21177.20622263034,21178.428723545225
2024-01-02 09:37:00,NIFTY,1000,21178.428723545225,21178.810658997456,21171.79572890403,21172.225770551224
2024-01-02 09:38:00,NIFTY,1000,21172.225770551224,21172.52907901316,21166.528879279456,21166.908605466397
2024-01-02 09:39:00,NIFTY,1000,21166.908605466397,21166.98020672581,21157.766740185067,21157.803962421574
2024-01-02 09:40:00,NIFTY,1000,21157.803962421574,21157.934878394342,21151.018363781055,21152.053318645587
2024-01-02 09:41:00,NIFTY,1000,21152.053318645587,21152.131953835906,21147.52611810128,21149.52431878581
2024-01-02 09:42:00,NIFTY,1000,21149.52431878581,21149.663661379433,21139.404366766394,21139.856901658215
2024-01-02 09:43:00,NIFTY,1000,21139.856901658215,21140.85491176807,21133.903992636184,21136.800248014377
2024-01-02 09:44:00,NIFTY,1000,21136.800248014377,21137.671381778415,21130.307630633077,21130.711020656432
2024-01-02 09:45:00,NIFTY,1000,21130.711020656432,21131.81920347317,21119.910903448286,21120.950809375412
2024-01-02 09:46:00,NIFTY,1000,21120.950809375412,21121.22737852801,21111.91492345505,21112.565636992396
2024-01-02 09:47:00,NIFTY,1000,21112.565636992396,21112.75631939316,21105.898205873655,21106.115638746833
2024-01-02 09:48:00,NIFTY,1000,21106.115638746833,21106.146526382403,21099.65323909746,21101.65664636464
2024-01-02 09:49:00,NIFTY,1000,21101.65664636464,21101.857745411355,21095.548769890243,21096.59942428625
2024-01-02 09:50:00,NIFTY,1000,21096.59942428625,21096.796990276423,21086.393292328907,21086.842520763825
2024-01-02 09:51:00,NIFTY,1000,21086.842520763825,21087.481250985853,21081.11162293731,21082.25462785004
2024-01-02 09:52:00,NIFTY,1000,21082.25462785004,21083.02625617246,21075.1089147756,21075.405543095276
2024-01-02 09:53:00,NIFTY,1000,21075.405543095276,21075.469681441868,21070.3395431218,21070.6683055321
2024-01-02 09:54:00,NIFTY,1000,21070.6683055321,21071.0089055512,21066.19915158561,21067.6343331348
2024-01-02 09:55:00,NIFTY,1000,21067.6343331348,21067.87848977009,21062.57783964052,21063.54192680881
2024-01-02 09:56:00,NIFTY,1000,21063.54192680881,21064.58884693646,21055.588241795977,21056.158192101317
2024-01-02 09:57:00,NIFTY,1000,21056.158192101317,21056.45575560468,21050.880766366216,21052.25647317953
2024-01-02 09:58:00,NIFTY,1000,21052.25647317953,21052.37697313832,21047.7704725758,21048.79914690893
2024-01-02 09:59:00,NIFTY,1000,21048.79914690893,21049.895421995825,21037.40516531032,21038.845216192913
2024-01-02 10:00:00,NIFTY,1000,21038.845216192913,21039.73037969191,21036.87734514386,21038.42990695935
2024-01-02 10:01:00,NIFTY,1000,21038.42990695935,21039.06886870704,21036.90159165643,21038.22468144984
2024-01-02 10:02:00,NIFTY,1000,21038.22468144984,21038.39437524219,21036.43364408569,21037.13375995889
2024-01-02 10:03:00,NIFTY,1000,21037.13375995889,21038.49476149829,21034.881324153543,21037.80661115311
2024-01-02 10:04:00,NIFTY,1000,21037.80661115311,21037.865753275382,21036.199637247813,21037.32575427383
2024-01-02 10:05:00,NIFTY,1000,21037.32575427383,21038.715326740592,21035.597083037388,21037.242481784346
2024-01-02 10:06:00,NIFTY,1000,21037.242481784346,21039.89179026968,21036.51733038496,21037.563171261256
2024-01-02 10:07:00,NIFTY,1000,21037.563171261256,21039.21745864909,21036.709755702475,21038.622704307425
2024-01-02 10:08:00,NIFTY,1000,21038.622704307425,21040.697484779244,21038.230619777725,21040.444799091245
2024-01-02 10:09:00,NIFTY,1000,21040.444799091245,21042.9069018593,21040.16412401438,21042.15293727043
2024-01-02 10:10:00,NIFTY,1000,21042.15293727043,21043.023509886694,21041.112151931884,21042.096424307176
2024-01-02 10:11:00,NIFTY,1000,21042.096424307176,21042.27631845833,21039.933581880538,21041.32558416688
2024-01-02 10:12:00,NIFTY,1000,21041.32558416688,21042.84010172947,21039.797731774324,21040.570814963503
2024-01-02 10:13:00,NIFTY,1000,21040.570814963503,21041.55330235704,21039.43667781644,21039.661310966436
2024-01-02 10:14:00,NIFTY,1000,21039.661310966436,21040.63051057675,21037.834871062332,21038.385908364573
2024-01-02 10:15:00,NIFTY,1000,21038.385908364573,21039.08792954319,21038.06612643043,21038.48656189924
2024-01-02 10:16:00,NIFTY,1000,21038.48656189924,21040.153225480815,21038.41141773243,21038.755810777755
2024-01-02 10:17:00,NIFTY,1000,21038.755810777755,21039.08194144903,21038.32640523663,21038.95671694638
2024-01-02 10:18:00,NIFTY,1000,21038.95671694638,21041.968483710876,21038.57274539383,21040.762330315207
2024-01-02 10:19:00,NIFTY,1000,21040.762330315207,21043.001147856405,21040.099429397655,21042.2991561686
2024-01-02 10:20:00,NIFTY,1000,21042.2991561686,21043.892499852267,21041.99825214924,21042.743080124004
2024-01-02 10:21:00,NIFTY,1000,21042.743080124004,21045.587035852983,21042.050174926208,21044.343172617595
2024-01-02 10:22:00,NIFTY,1000,21044.343172617595,21046.268176296715,21043.782724466106,21045.46527467857
2024-01-02 10:23:00,NIFTY,1000,21045.46527467857,21046.138765302818,21044.881233530938,21045.160227693163
2024-01-02 10:24:00,NIFTY,1000,21045.160227693163,21047.878360621,21043.922406749076,21045.655664991868
2024-01-02 10:25:00,NIFTY,1000,21045.655664991868,21046.2894418728,21043.913922725395,21044.327721822847
2024-01-02 10:26:00,NIFTY,1000,21044.327721822847,21045.552306260473,21041.57128446091,21043.19468102321
2024-01-02 10:27:00,NIFTY,1000,21043.19468102321,21043.938962459073,21041.824878043633,21043.381470674067
2024-01-02 10:28:00,NIFTY,1000,21043.381470674067,21044.07375950887,21043.379386876648,21043.759376014812
2024-01-02 10:29:00,NIFTY,1000,21043.759376014812,21044.563050582783,21040.666018219596,21042.30513502504
2024-01-02 10:30:00,NIFTY,1000,21042.30513502504,21043.2815189785,21040.913884348254,21042.01793348474
2024-01-02 10:31:00,NIFTY,1000,21042.01793348474,21044.551940538735,21040.389536861618,21043.98295745955
2024-01-02 10:32:00,NIFTY,1000,21043.98295745955,21045.083736742385,21042.36830150103,21043.079600125788
2024-01-02 10:33:00,NIFTY,1000,21043.079600125788,21043.113683594045,21041.72961211806,21042.499585349116
2024-01-02 10:34:00,NIFTY,1000,21042.499585349116,21043.121403649624,21040.068662538644,21040.770035603484
2024-01-02 10:35:00,NIFTY,1000,21040.770035603484,21041.260963494115,21039.936506641876,21040.9300832619
2024-01-02 10:36:00,NIFTY,1000,21040.9300832619,21042.23451766497,21039.69661516062,21041.061914408107
2024-01-02 10:37:00,NIFTY,1000,21041.061914408107,21043.412434615737,21040.64289539874,21041.7398622289
2024-01-02 10:38:00,NIFTY,1000,21041.7398622289,21041.836295947694,21040.919797395996,21041.600684678036
2024-01-02 10:39:00,NIFTY,1000,21041.600684678036,21043.969941808504,21040.68001108496,21043.431185816054
2024-01-02 10:40:00,NIFTY,1000,21043.431185816054,21044.34614488384,21042.15364372793,21042.234920570696
2024-01-02 10:41:00,NIFTY,1000,21042.234920570696,21042.970450513287,21040.800311140516,21042.036404315728
2024-01-02 10:42:00,NIFTY,1000,21042.036404315728,21043.22996031499,21040.629260289512,21042.696051213676
2024-01-02 10:43:00,NIFTY,1000,21042.696051213676,21043.909148913655,21041.163998353357,21041.305715266997
2024-01-02 10:44:00,NIFTY,1000,21041.305715266997,21042.138726416713,21041.08037251331,21041.389547176084
2024-01-02 10:45:00,NIFTY,1000,21041.389547176084,21042.544169762856,21041.237077339705,21042.410628858073
2024-01-02 10:46:00,NIFTY,1000,21042.410628858073,21044.60933554699,21041.52088275629,21043.538741208755
2024-01-02 10:47:00,NIFTY,1000,21043.538741208755,21045.37494658186,21042.47129551173,21042.97928683864
2024-01-02 10:48:00,NIFTY,1000,21042.97928683864,21045.13503000185,21041.435759886284,21042.567212906935
2024-01-02 10:49:00,NIFTY,1000,21042.567212906935,21042.63600152926,21041.728722132484,21042.62993061772
2024-01-02 10:50:00,NIFTY,1000,21042.62993061772,21044.98340455896,21042.165958334797,21044.598562677013
2024-01-02 10:51:00,NIFTY,1000,21044.598562677013,21046.402772894136,21044.49967302382,21046.32094353559
2024-01-02 10:52:00,NIFTY,1000,21046.32094353559,21046.88938454185,21045.243842596217,21045.843436709496
2024-01-02 10:53:00,NIFTY,1000,21045.843436709496,21046.018396466192,21044.306408106397,21045.062153265888
2024-01-02 10:54:00,NIFTY,1000,21045.062153265888,21046.09872918225,21042.44318281025,21043.75625132583
2024-01-02 10:55:00,NIFTY,1000,21043.75625132583,21046.744587695102,21043.281553092955,21045.658692129273
2024-01-02 10:56:00,NIFTY,1000,21045.658692129273,21048.123569765132,21043.88865053585,21044.18879082024
2024-01-02 10:57:00,NIFTY,1000,21044.18879082024,21045.258382643697,21042.87695458789,21045.248030023853
2024-01-02 10:58:00,NIFTY,1000,21045.248030023853,21045.619742927145,21043.850368868905,21044.842682134946
2024-01-02 10:59:00,NIFTY,1000,21044.842682134946,21044.89933205984,21042.58567861813,21043.115371372485
2024-01-02 11:00:00,NIFTY,1000,21043.115371372485,21046.781068924593,21042.468841851292,21044.9786600171
2024-01-02 11:01:00,NIFTY,1000,21044.9786600171,21045.94256286228,21044.83457246138,21045.00322746846
2024-01-02 11:02:00,NIFTY,1000,21045.00322746846,21046.106645438904,21043.72072884734,21045.56653272722
2024-01-02 11:03:00,NIFTY,1000,21045.56653272722,21046.38077996774,21044.075806590372,21046.167337096813
2024-01-02 11:04:00,NIFTY,1000,21046.167337096813,21046.73098612424,21043.989061122535,21044.399992278835
2024-01-02 11:05:00,NIFTY,1000,21044.399992278835,21045.013394942376,21042.583062350037,21042.88553203653
2024-01-02 11:06:00,NIFTY,1000,21042.88553203653,21043.6698641171,21042.15680035515,21043.654177403303
2024-01-02 11:07:00,NIFTY,1000,21043.654177403303,21046.07790298846,21042.463531128516,21045.640964818715
2024-01-02 11:08:00,NIFTY,1000,21045.640964818715,21046.14049180381,21042.577297233063,21044.86597930186
2024-01-02 11:09:00,NIFTY,1000,21044.86597930186,21046.232858000276,21044.34554743553,21044.570312837423
2024-01-02 11:10:00,NIFTY,1000,21044.570312837423,21045.778122145883,21043.72470021167,21044.041350240932
2024-01-02 11:11:00,NIFTY,1000,21044.041350240932,21045.552318163904,21041.450307948788,21044.975807763178
2024-01-02 11:12:00,NIFTY,1000,21044.975807763178,21045.83890798935,21042.256136689408,21043.05257687047
2024-01-02 11:13:00,NIFTY,1000,21043.05257687047,21044.531488439243,21041.417655773606,21041.601015693384
2024-01-02 11:14:00,NIFTY,1000,21041.601015693384,21042.595121926428,21039.61855979481,21039.64949879196
2024-01-02 11:15:00,NIFTY,1000,21039.64949879196,21041.03790824952,21039.490969218936,21039.841336747857
2024-01-02 11:16:00,NIFTY,1000,21039.841336747857,21041.03439670277,21038.193578558337,21038.233667070996
2024-01-02 11:17:00,NIFTY,1000,21038.233667070996,21038.40661313092,21035.820662298414,21037.532370778557
2024-01-02 11:18:00,NIFTY,1000,21037.532370778557,21038.407191158632,21034.75955041055,21037.035923919146
2024-01-02 11:19:00,NIFTY,1000,21037.035923919146,21038.84506283315,21035.996019231745,21038.17599009449
2024-01-02 11:20:00,NIFTY,1000,21038.17599009449,21040.52766540528,21037.76926701144,21038.928528918834
2024-01-02 11:21:00,NIFTY,1000,21038.928528918834,21042.449323449804,21038.32281399583,21040.292015236537
2024-01-02 11:22:00,NIFTY,1000,21040.292015236537,21041.205974592252,21039.49251598303,21040.92943092536
2024-01-02 11:23:00,NIFTY,1000,21040.92943092536,21041.417169413467,21040.176013055017,21041.3851652644
2024-01-02 11:24:00,NIFTY,1000,21041.3851652644,21041.4738119618,21038.263712661985,21039.98584126767
2024-01-02 11:25:00,NIFTY,1000,21039.98584126767,21041.072073935815,21039.801160961804,21040.706752384503
2024-01-02 11:26:00,NIFTY,1000,21040.706752384503,21041.509245117715,21037.692967970717,21038.991779295564
2024-01-02 11:27:00,NIFTY,1000,21038.991779295564,21040.192193203507,21037.521027341743,21038.17792162071
2024-01-02 11:28:00,NIFTY,1000,21038.17792162071,21039.274813722597,21037.741868133064,21038.823404064995
2024-01-02 11:29:00,NIFTY,1000,21038.823404064995,21040.00910821966,21036.498033353186,21037.216986663847
2024-01-02 11:30:00,NIFTY,1000,21037.216986663847,21037.82411776463,21034.96601349083,21036.277172377148
2024-01-02 11:31:00,NIFTY,1000,21036.277172377148,21036.59985221599,21035.554097919303,21035.80493093576
2024-01-02 11:32:00,NIFTY,1000,21035.80493093576,21036.90667024507,21034.580303848532,21036.264982807916
2024-01-02 11:33:00,NIFTY,1000,21036.264982807916,21037.029709571292,21035.337142679833,21036.386191340913
2024-01-02 11:34:00,NIFTY,1000,21036.386191340913,21039.76169134843,21034.586919765898,21038.30607265835
2024-01-02 11:35:00,NIFTY,1000,21038.30607265835,21039.836661455116,21037.23356532104,21039.298365376068
2024-01-02 11:36:00,NIFTY,1000,21039.298365376068,21039.85518621684,21037.60037820297,21037.81074836153
2024-01-02 11:37:00,NIFTY,1000,21037.81074836153,21038.85555755555,21034.74285421953,21036.709210808905
2024-01-02 11:38:00,NIFTY,1000,21036.709210808905,21037.288653381773,21036.31913144246,21036.466830767684
2024-01-02 11:39:00,NIFTY,1000,21036.466830767684,21036.68808439127,21035.152788315125,21035.429601615015
2024-01-02 11:40:00,NIFTY,1000,21035.429601615015,21038.317854395857,21034.516601394746,21036.97730121585
2024-01-02 11:41:00,NIFTY,1000,21036.97730121585,21038.408210685513,21036.69472126536,21038.241088971725
2024-01-02 11:42:00,NIFTY,1000,21038.241088971725,21040.474988124435,21038.101046119784,21039.26125668671
2024-01-02 11:43:00,NIFTY,1000,21039.26125668671,21040.838100664027,21038.087782829225,21040.17521939536
2024-01-02 11:44:00,NIFTY,1000,21040.17521939536,21040.501494066204,21038.854622815743,21038.884934473237
2024-01-02 11:45:00,NIFTY,1000,21038.884934473237,21041.03417469098,21038.233577579445,21040.634486739225
2024-01-02 11:46:00,NIFTY,1000,21040.634486739225,21041.936106908917,21039.142550592755,21041.905628058652
2024-01-02 11:47:00,NIFTY,1000,21041.905628058652,21043.577273183295,21040.203413114017,21043.268440170697
2024-01-02 11:48:00,NIFTY,1000,21043.268440170697,21045.52900732045,21043.19001077168,21043.629830932532
2024-01-02 11:49:00,NIFTY,1000,21043.629830932532,21044.64326052507,21043.24867254765,21043.88991890397
2024-01-02 11:50:00,NIFTY,1000,21043.88991890397,21045.05746251488,21043.41182890734,21044.435084319888
2024-01-02 11:51:00,NIFTY,1000,21044.435084319888,21044.644107577173,21043.430793763357,21044.28131421757
2024-01-02 11:52:00,NIFTY,1000,21044.28131421757,21045.74226092551,21042.88080625729,21045.481598092363
2024-01-02 11:53:00,NIFTY,1000,21045.481598092363,21047.609766338515,21045.036995424143,21046.41388327648
2024-01-02 11:54:00,NIFTY,1000,21046.41388327648,21046.69186634122,21044.38061090623,21045.835421551223
2024-01-02 11:55:00,NIFTY,1000,21045.835421551223,21046.620319864305,21043.20805957155,21043.856340005394
2024-01-02 11:56:00,NIFTY,1000,21043.856340005394,21047.13849049135,21042.750031824165,21045.68863392587
2024-01-02 11:57:00,NIFTY,1000,21045.68863392587,21046.4110152837,21043.91135297511,21044.2841861272
2024-01-02 11:58:00,NIFTY,1000,21044.2841861272,21047.08670894432,21042.190065499537,21046.26952347771
2024-01-02 11:59:00,NIFTY,1000,21046.26952347771,21047.382491956272,21045.33693264584,21047.15780723052
2024-01-02 12:00:00,NIFTY,1000,21047.15780723052,21048.83889954545,21045.973004473453,21046.723910023233
2024-01-02 12:01:00,NIFTY,1000,21046.723910023233,21048.249566337803,21043.47419897422,21044.73678307765
2024-01-02 12:02:00,NIFTY,1000,21044.73678307765,21046.09468891297,21043.901020942627,21045.91357240276
2024-01-02 12:03:00,NIFTY,1000,21045.91357240276,21046.477820001415,21045.652912659105,21045.837463962303
2024-01-02 12:04:00,NIFTY,1000,21045.837463962303,21048.018714709255,21043.950849316218,21046.157399112017
2024-01-02 12:05:00,NIFTY,1000,21046.157399112017,21047.595412304217,21045.564872162817,21046.5713497784
2024-01-02 12:06:00,NIFTY,1000,21046.5713497784,21046.578392577325,21044.338224037172,21045.650632658915
2024-01-02 12:07:00,NIFTY,1000,21045.650632658915,21045.82081728144,21043.505637726128,21043.958865775458
2024-01-02 12:08:00,NIFTY,1000,21043.958865775458,21046.046279486734,21043.27683132541,21045.0984536839
2024-01-02 12:09:00,NIFTY,1000,21045.0984536839,21046.3092190238,21044.904794224614,21045.167529909664
2024-01-02 12:10:00,NIFTY,1000,21045.167529909664,21046.01079051396,21044.34505802847,21044.4803009241
2024-01-02 12:11:00,NIFTY,1000,21044.4803009241,21045.99375066734,21042.73193705039,21043.362748734944
2024-01-02 12:12:00,NIFTY,1000,21043.362748734944,21045.54598661673,21042.78599066875,21045.356138780517
2024-01-02 12:13:00,NIFTY,1000,21045.356138780517,21046.57717247604,21044.459033290223,21045.041130993697
2024-01-02 12:14:00,NIFTY,1000,21045.041130993697,21046.188540323885,21043.210251876215,21043.514475757387
2024-01-02 12:15:00,NIFTY,1000,21043.514475757387,21045.399062063323,21041.50656403685,21043.04980756512
2024-01-02 12:16:00,NIFTY,1000,21043.04980756512,21044.46063206321,21040.613242050887,21041.787712577658
2024-01-02 12:17:00,NIFTY,1000,21041.787712577658,21041.928598824565,21038.12406004622,21039.89249941178
2024-01-02 12:18:00,NIFTY,1000,21039.89249941178,21040.925463358933,21038.892456497702,21039.087401706136
2024-01-02 12:19:00,NIFTY,1000,21039.087401706136,21040.96873607987,21038.554700866473,21040.455135973305
2024-01-02 12:20:00,NIFTY,1000,21040.455135973305,21041.56654898544,21040.23623936509,21040.287883520257
2024-01-02 12:21:00,NIFTY,1000,21040.287883520257,21040.315398425308,21036.838037978618,21038.610289575285
2024-01-02 12:22:00,NIFTY,1000,21038.610289575285,21039.5104665622,21037.579583199626,21038.357692385747
2024-01-02 12:23:00,NIFTY,1000,21038.357692385747,21039.356077824938,21036.691533156605,21036.993325056425
2024-01-02 12:24:00,NIFTY,1000,21036.993325056425,21038.35230830649,21036.871820045024,21037.99882540054
2024-01-02 12:25:00,NIFTY,1000,21037.99882540054,21038.09897947702,21036.07098371579,21036.274657465965
2024-01-02 12:26:00,NIFTY,1000,21036.274657465965,21036.62967992039,21035.10036710562,21035.32148020091
2024-01-02 12:27:00,NIFTY,1000,21035.32148020091,21036.235064827142,21033.51648604963,21034.31966500031
2024-01-02 12:28:00,NIFTY,1000,21034.31966500031,21034.84574303252,21034.104604831853,21034.118624370112
2024-01-02 12:29:00,NIFTY,1000,21034.118624370112,21036.542864630384,21031.485191787575,21032.369237183935
2024-01-02 12:30:00,NIFTY,1000,21032.369237183935,21032.616314561743,21031.671279431055,21031.75861048897
2024-01-02 12:31:00,NIFTY,1000,21031.75861048897,21033.561829079703,21031.229557811625,21031.999283222816
2024-01-02 12:32:00,NIFTY,1000,21031.999283222816,21034.032966600036,21031.432227705427,21032.92256708274
2024-01-02 12:33:00,NIFTY,1000,21032.92256708274,21033.65031808346,21032.886925600444,21033.183888101023
2024-01-02 12:34:00,NIFTY,1000,21033.183888101023,21034.426417016337,21032.868623256785,21033.617997191817
2024-01-02 12:35:00,NIFTY,1000,21033.617997191817,21034.352588768612,21031.412732069737,21032.222984506752
2024-01-02 12:36:00,NIFTY,1000,21032.222984506752,21034.6429499672,21029.559802156633,21033.625448738116
2024-01-02 12:37:00,NIFTY,1000,21033.625448738116,21034.054265238447,21031.39141861833,21032.084524225593
2024-01-02 12:38:00,NIFTY,1000,21032.084524225593,21032.464006282757,21028.5436928606,21030.35519767319
2024-01-02 12:39:00,NIFTY,1000,21030.35519767319,21031.42733668518,21025.760748572688,21028.682099056183
2024-01-02 12:40:00,NIFTY,1000,21028.682099056183,21029.13047927524,21025.335187927536,21027.345197216837
2024-01-02 12:41:00,NIFTY,1000,21027.345197216837,21027.964351477844,21024.934763913465,21026.992259383176
2024-01-02 12:42:00,NIFTY,1000,21026.992259383176,21028.389485805736,21025.184338670333,21025.241351806704
2024-01-02 12:43:00,NIFTY,1000,21025.241351806704,21025.88731598583,21024.27911931044,21025.07831131709
2024-01-02 12:44:00,NIFTY,1000,21025.07831131709,21026.240245130542,21022.968771783504,21023.73713673082
2024-01-02 12:45:00,NIFTY,1000,21023.73713673082,21024.13775944195,21023.484783228698,21023.81468016883
2024-01-02 12:46:00,NIFTY,1000,21023.81468016883,21025.69348099285,21023.303264667906,21025.33300758864
2024-01-02 12:47:00,NIFTY,1000,21025.33300758864,21026.216117365788,21025.060127768353,21025.137964965365
2024-01-02 12:48:00,NIFTY,1000,21025.137964965365,21026.266218898578,21025.132567589004,21025.292772157176
2024-01-02 12:49:00,NIFTY,1000,21025.292772157176,21026.34625017228,21024.14432644798,21025.919892576072
2024-01-02 12:50:00,NIFTY,1000,21025.919892576072,21028.853108428168,21025.719240772116,21027.022339979772
2024-01-02 12:51:00,NIFTY,1000,21027.022339979772,21030.06705543213,21025.942291914056,21028.193757655907
2024-01-02 12:52:00,NIFTY,1000,21028.193757655907,21030.150804508543,21028.0019361977,21029.38541429437
2024-01-02 12:53:00,NIFTY,1000,21029.38541429437,21030.00226258065,21028.53905763938,21029.51752976335
2024-01-02 12:54:00,NIFTY,1000,21029.51752976335,21031.524382504267,21029.089774076307,21030.690575165107
2024-01-02 12:55:00,NIFTY,1000,21030.690575165107,21032.649923516277,21030.286926701865,21032.31514818417
2024-01-02 12:56:00,NIFTY,1000,21032.31514818417,21032.61313042055,21030.291142797963,21031.05204754112
2024-01-02 12:57:00,NIFTY,1000,21031.05204754112,21033.114572460363,21028.592931759755,21029.66046467401
2024-01-02 12:58:00,NIFTY,1000,21029.66046467401,21029.851985637873,21027.753082876312,21027.994321013968
2024-01-02 12:59:00,NIFTY,1000,21027.994321013968,21028.09478949952,21027.541949217717,21028.015148108276
2024-01-02 13:00:00,NIFTY,1000,21028.015148108276,21031.10032286735,21026.58280607706,21029.951589384425
2024-01-02 13:01:00,NIFTY,1000,21029.951589384425,21030.138733649423,21027.629678969926,21028.615408965605
2024-01-02 13:02:00,NIFTY,1000,21028.615408965605,21028.648133457147,21026.99742787672,21027.264342588736
2024-01-02 13:03:00,NIFTY,1000,21027.264342588736,21027.95357425044,21026.938546272155,21027.37394107723
2024-01-02 13:04:00,NIFTY,1000,21027.37394107723,21028.17931290428,21025.09512507624,21025.6915674158
2024-01-02 13:05:00,NIFTY,1000,21025.6915674158,21027.2927366047,21024.373969880195,21027.12427562843
2024-01-02 13:06:00,NIFTY,1000,21027.12427562843,21028.268908346796,21025.16899920212,21027.96524682292
2024-01-02 13:07:00,NIFTY,1000,21027.96524682292,21031.37364931277,21027.357424835827,21029.25179441376
2024-01-02 13:08:00,NIFTY,1000,21029.25179441376,21029.750156805952,21028.235955663848,21029.22864420276
2024-01-02 13:09:00,NIFTY,1000,21029.22864420276,21030.069264229267,21027.376957007105,21027.923690575302
2024-01-02 13:10:00,NIFTY,1000,21027.923690575302,21028.488975351705,21025.9155318303,21026.3262404894
2024-01-02 13:11:00,NIFTY,1000,21026.3262404894,21027.941616178872,21025.395685666517,21025.71800613573
2024-01-02 13:12:00,NIFTY,1000,21025.71800613573,21027.84104541922,21024.474153203144,21026.322596475256
2024-01-02 13:13:00,NIFTY,1000,21026.322596475256,21028.09211677793,21026.298400868865,21027.68838668759
2024-01-02 13:14:00,NIFTY,1000,21027.68838668759,21028.59738988776,21026.89832036246,21028.224955240777
2024-01-02 13:15:00,NIFTY,1000,21028.224955240777,21028.689572538075,21027.32421164663,21027.525371302505
2024-01-02 13:16:00,NIFTY,1000,21027.525371302505,21027.927438047023,21025.70063237357,21026.22489705121
2024-01-02 13:17:00,NIFTY,1000,21026.22489705121,21028.444358849636,21024.878917370963,21027.57306155218
2024-01-02 13:18:00,NIFTY,1000,21027.57306155218,21030.285779159894,21027.44721458256,21028.349663846217
2024-01-02 13:19:00,NIFTY,1000,21028.349663846217,21028.86357169587,21027.02065956976,21027.2002413517
2024-01-02 13:20:00,NIFTY,1000,21027.2002413517,21029.408669867986,21026.53278057006,21028.685059280753
2024-01-02 13:21:00,NIFTY,1000,21028.685059280753,21029.754817551584,21028.443801626137,21029.344998894656
2024-01-02 13:22:00,NIFTY,1000,21029.344998894656,21030.994240528045,21029.194862778284,21030.02792814228
2024-01-02 13:23:00,NIFTY,1000,21030.02792814228,21031.13500881157,21029.695769153554,21029.816150317507
2024-01-02 13:24:00,NIFTY,1000,21029.816150317507,21030.255680012524,21029.75270425356,21030.00274319826
2024-01-02 13:25:00,NIFTY,1000,21030.00274319826,21030.538071384213,21028.35509228926,21028.445625571567
2024-01-02 13:26:00,NIFTY,1000,21028.445625571567,21029.62710295843,21028.023941103304,21029.405242054636
2024-01-02 13:27:00,NIFTY,1000,21029.405242054636,21031.351714560005,21029.14569537705,21030.83860876183
2024-01-02 13:28:00,NIFTY,1000,21030.83860876183,21032.74311912977,21030.311853329174,21031.85445637622
2024-01-02 13:29:00,NIFTY,1000,21031.85445637622,21032.22174368962,21029.142357493085,21030.98054116988
2024-01-02 13:30:00,NIFTY,1000,21030.98054116988,21032.8657412219,21029.070411607154,21029.36667905066
2024-01-02 13:31:00,NIFTY,1000,21029.36667905066,21030.813791407,21028.298876129084,21029.76010898785
2024-01-02 13:32:00,NIFTY,1000,21029.76010898785,21031.16119474525,21028.860973274164,21030.732881782777
2024-01-02 13:33:00,NIFTY,1000,21030.732881782777,21031.210217281747,21030.564060059587,21031.105768063208
2024-01-02 13:34:00,NIFTY,1000,21031.105768063208,21032.367203643666,21030.638664656417,21032.284081178008
2024-01-02 13:35:00,NIFTY,1000,21032.284081178008,21034.335883405885,21031.1222028754,21034.265831242777
2024-01-02 13:36:00,NIFTY,1000,21034.265831242777,21034.613361618933,21031.356886111967,21032.52039487992
2024-01-02 13:37:00,NIFTY,1000,21032.52039487992,21033.495592509706,21030.47903269822,21030.98012686816
2024-01-02 13:38:00,NIFTY,1000,21030.98012686816,21033.14932564254,21028.29259250246,21032.496042469287
2024-01-02 13:39:00,NIFTY,1000,21032.496042469287,21033.150118152415,21030.387119213712,21032.21775211057
2024-01-02 13:40:00,NIFTY,1000,21032.21775211057,21034.199073871092,21031.987742586807,21033.31327073349
2024-01-02 13:41:00,NIFTY,1000,21033.31327073349,21034.92554899148,21031.77187633742,21033.086790791007
2024-01-02 13:42:00,NIFTY,1000,21033.086790791007,21034.4679983174,21032.303920547427,21033.453579440233
2024-01-02 13:43:00,NIFTY,1000,21033.453579440233,21033.749097038548,21032.610332844917,21033.503034550416
2024-01-02 13:44:00,NIFTY,1000,21033.503034550416,21033.92726881013,21033.310363657296,21033.453702824903
2024-01-02 13:45:00,NIFTY,1000,21033.453702824903,21033.899909537467,21031.758651784472,21033.856307091097
2024-01-02 13:46:00,NIFTY,1000,21033.856307091097,21034.498253268604,21033.67195044038,21034.3927232166
2024-01-02 13:47:00,NIFTY,1000,21034.3927232166,21035.004492307507,21033.803098792378,21033.840135589424
2024-01-02 13:48:00,NIFTY,1000,21033.840135589424,21034.06033021643,21030.3323772532,21032.40023197964
2024-01-02 13:49:00,NIFTY,1000,21032.40023197964,21033.90495235367,21030.424566866903,21031.18462283059
2024-01-02 13:50:00,NIFTY,1000,21031.18462283059,21031.38955786841,21030.005724889405,21030.012593144344
2024-01-02 13:51:00,NIFTY,1000,21030.012593144344,21030.321802221395,21027.29109286935,21028.04324927494
2024-01-02 13:52:00,NIFTY,1000,21028.04324927494,21029.73373812948,21025.312382041717,21029.25359199326
2024-01-02 13:53:00,NIFTY,1000,21029.25359199326,21029.413724788825,21027.756207209644,21028.427547286097
2024-01-02 13:54:00,NIFTY,1000,21028.427547286097,21029.313767629705,21026.50725692659,21026.775918353276
2024-01-02 13:55:00,NIFTY,1000,21026.775918353276,21027.851925491876,21026.135499275813,21026.156810924484
2024-01-02 13:56:00,NIFTY,1000,21026.156810924484,21026.555922776686,21025.478100473432,21026.130997245844
2024-01-02 13:57:00,NIFTY,1000,21026.130997245844,21027.9341369221,21024.12516560523,21025.709301548235
2024-01-02 13:58:00,NIFTY,1000,21025.709301548235,21028.111767120463,21024.177977803654,21027.33974555846
2024-01-02 13:59:00,NIFTY,1000,21027.33974555846,21027.822806610144,21026.430443417925,21026.577236429912
2024-01-02 14:00:00,NIFTY,1000,21026.577236429912,21026.72210409457,21024.99289244609,21025.607665311247
2024-01-02 14:01:00,NIFTY,1000,21025.607665311247,21026.622555613125,21024.71647308583,21026.354024965214
2024-01-02 14:02:00,NIFTY,1000,21026.354024965214,21027.242172860944,21025.872089852353,21026.17897100104
2024-01-02 14:03:00,NIFTY,1000,21026.17897100104,21026.310227968133,21025.777910278834,21025.85476216179
2024-01-02 14:04:00,NIFTY,1000,21025.85476216179,21026.36668625282,21024.007173984155,21024.175482218117
2024-01-02 14:05:00,NIFTY,1000,21024.175482218117,21025.940171882452,21022.76454983837,21024.84977280501
2024-01-02 14:06:00,NIFTY,1000,21024.84977280501,21025.43114001709,21024.09083420489,21025.22441596984
2024-01-02 14:07:00,NIFTY,1000,21025.22441596984,21027.331647718347,21024.86291244463,21026.71921034371
2024-01-02 14:08:00,NIFTY,1000,21026.71921034371,21028.387374577134,21025.97442613698,21028.329023572853
2024-01-02 14:09:00,NIFTY,1000,21028.329023572853,21028.362253563497,21026.689455210755,21026.89757206803
2024-01-02 14:10:00,NIFTY,1000,21026.89757206803,21029.575681941667,21025.592083722553,21026.077734898645
2024-01-02 14:11:00,NIFTY,1000,21026.077734898645,21026.237591290643,21023.225016046956,21024.25269118788
2024-01-02 14:12:00,NIFTY,1000,21024.25269118788,21025.108151196564,21022.338036210414,21023.62536060057
2024-01-02 14:13:00,NIFTY,1000,21023.62536060057,21025.654005362376,21021.85004970796,21025.00777805253
2024-01-02 14:14:00,NIFTY,1000,21025.00777805253,21026.643495247532,21023.91319151298,21025.69964454211
2024-01-02 14:15:00,NIFTY,1000,21025.69964454211,21028.24805048186,21025.44959802751,21026.855585181795
2024-01-02 14:16:00,NIFTY,1000,21026.855585181795,21029.96458260513,21026.16239835456,21028.145274676463
2024-01-02 14:17:00,NIFTY,1000,21028.145274676463,21029.77840990572,21026.482782688432,21028.474069662843
2024-01-02 14:18:00,NIFTY,1000,21028.474069662843,21030.283199159156,21026.992047169228,21029.296413113418
2024-01-02 14:19:00,NIFTY,1000,21029.296413113418,21030.402117781905,21027.748932889925,21027.963853920213
2024-01-02 14:20:00,NIFTY,1000,21027.963853920213,21030.488646315564,21027.53369728462,21029.52424206095
2024-01-02 14:21:00,NIFTY,1000,21029.52424206095,21030.83455080707,21026.23034928978,21027.626033100572
2024-01-02 14:22:00,NIFTY,1000,21027.626033100572,21027.77663902001,21026.274695910623,21026.988449766897
2024-01-02 14:23:00,NIFTY,1000,21026.988449766897,21027.953301399994,21024.617736923603,21026.233319747153
2024-01-02 14:24:00,NIFTY,1000,21026.233319747153,21028.124707596704,21025.22959864129,21025.69169465994
2024-01-02 14:25:00,NIFTY,1000,21025.69169465994,21026.165534007017,21024.239454259376,21024.253906530255
2024-01-02 14:26:00,NIFTY,1000,21024.253906530255,21024.37785544193,21023.844648142654,21024.275727001896
2024-01-02 14:27:00,NIFTY,1000,21024.275727001896,21024.364089961105,21022.061700022314,21022.431711052195
2024-01-02 14:28:00,NIFTY,1000,21022.431711052195,21024.235492473978,21020.716823513932,21021.071810798046
2024-01-02 14:29:00,NIFTY,1000,21021.071810798046,21023.36909793462,21020.73799130829,21022.67214353011
2024-01-02 14:30:00,NIFTY,1000,21022.67214353011,21024.623581555305,21021.18586650016,21023.08391503603
2024-01-02 14:31:00,NIFTY,1000,21023.08391503603,21024.27784004243,21022.302520358284,21022.44546345305
2024-01-02 14:32:00,NIFTY,1000,21022.44546345305,21024.233124035396,21022.19501104532,21022.66030939448
2024-01-02 14:33:00,NIFTY,1000,21022.66030939448,21025.79596697638,21022.117635594743,21023.99490924223
2024-01-02 14:34:00,NIFTY,1000,21023.99490924223,21025.256364075885,21022.167209605148,21023.032248831496
2024-01-02 14:35:00,NIFTY,1000,21023.032248831496,21026.87721818534,21022.284338575377,21024.89791837496
2024-01-02 14:36:00,NIFTY,1000,21024.89791837496,21025.3916517654,21023.789753843772,21025.219788778937
2024-01-02 14:37:00,NIFTY,1000,21025.219788778937,21028.255013587368,21024.933784557055,21025.72472606462
2024-01-02 14:38:00,NIFTY,1000,21025.72472606462,21027.991981382223,21024.825261093472,21027.70011962022
2024-01-02 14:39:00,NIFTY,1000,21027.70011962022,21029.2071786594,21027.203420396985,21027.97762906495
2024-01-02 14:40:00,NIFTY,1000,21027.97762906495,21028.00777333447,21026.990474253787,21027.55818003801
2024-01-02 14:41:00,NIFTY,1000,21027.55818003801,21027.98401803533,21027.09048686624,21027.73027837384
2024-01-02 14:42:00,NIFTY,1000,21027.73027837384,21028.22558795774,21027.45015698487,21027.8638248889
2024-01-02 14:43:00,NIFTY,1000,21027.8638248889,21029.662239428955,21027.494214552855,21029.0406675391
2024-01-02 14:44:00,NIFTY,1000,21029.0406675391,21030.94145371059,21027.868075930244,21030.8168359144
2024-01-02 14:45:00,NIFTY,1000,21030.8168359144,21033.86683567782,21030.765442190812,21032.74078542705
2024-01-02 14:46:00,NIFTY,1000,21032.74078542705,21034.543767887615,21031.89804283703,21033.095711515576
2024-01-02 14:47:00,NIFTY,1000,21033.095711515576,21033.69137280962,21030.53416578675,21031.90860387992
2024-01-02 14:48:00,NIFTY,1000,21031.90860387992,21034.669652301036,21031.63888534837,21031.953705728723
2024-01-02 14:49:00,NIFTY,1000,21031.953705728723,21033.470908311836,21031.668151653867,21033.41601431122
2024-01-02 14:50:00,NIFTY,1000,21033.41601431122,21035.140788528377,21031.924094664875,21034.726089999647
2024-01-02 14:51:00,NIFTY,1000,21034.726089999647,21036.7476169944,21034.574816715995,21036.550278574097
2024-01-02 14:52:00,NIFTY,1000,21036.550278574097,21039.131932461125,21036.34582359441,21037.966126441916
2024-01-02 14:53:00,NIFTY,1000,21037.966126441916,21040.132043984977,21035.025737807253,21039.538487262696
2024-01-02 14:54:00,NIFTY,1000,21039.538487262696,21042.00192094761,21039.29707285228,21040.044857307068
2024-01-02 14:55:00,NIFTY,1000,21040.044857307068,21041.708562805685,21039.637805019946,21040.93568513786
2024-01-02 14:56:00,NIFTY,1000,21040.93568513786,21042.08107432641,21039.601710554107,21040.13326749135
2024-01-02 14:57:00,NIFTY,1000,21040.13326749135,21041.086392536727,21038.73522156091,21039.248306981008
2024-01-02 14:58:00,NIFTY,1000,21039.248306981008,21039.763349654284,21037.711126321636,21038.426784566393
2024-01-02 14:59:00,NIFTY,1000,21038.426784566393,21039.22719409162,21036.24389438578,21036.99818571559
2024-01-02 15:00:00,NIFTY,1000,21036.99818571559,21038.216850994395,21036.54852980897,21037.632347778275
2024-01-02 15:01:00,NIFTY,1000,21037.632347778275,21038.113285494474,21036.75047312705,21038.086764235224
2024-01-02 15:02:00,NIFTY,1000,21038.086764235224,21039.72703087445,21034.76480317092,21036.39736157391
2024-01-02 15:03:00,NIFTY,1000,21036.39736157391,21037.189781494908,21034.353439420833,21034.66140095047
2024-01-02 15:04:00,NIFTY,1000,21034.66140095047,21035.924532577716,21034.05279350811,21035.894341790507
2024-01-02 15:05:00,NIFTY,1000,21035.894341790507,21035.895547265867,21034.275515871253,21035.092604502323
2024-01-02 15:06:00,NIFTY,1000,21035.092604502323,21036.449877154908,21035.010091803,21036.270666680284
2024-01-02 15:07:00,NIFTY,1000,21036.270666680284,21037.878226544653,21033.799549243187,21034.562274021755
2024-01-02 15:08:00,NIFTY,1000,21034.562274021755,21035.435193208526,21032.86190605926,21033.49181131398
2024-01-02 15:09:00,NIFTY,1000,21033.49181131398,21036.03819837044,21033.29798517521,21035.208723528507
2024-01-02 15:10:00,NIFTY,1000,21035.208723528507,21036.749516570937,21034.362189653955,21034.4947063335
2024-01-02 15:11:00,NIFTY,1000,21034.4947063335,21035.116543132463,21034.217329395546,21035.0566105022
2024-01-02 15:12:00,NIFTY,1000,21035.0566105022,21035.91128344717,21034.152829713392,21034.487866838655
2024-01-02 15:13:00,NIFTY,1000,21034.487866838655,21039.06201531554,21034.3040172939,21036.04250315972
2024-01-02 15:14:00,NIFTY,1000,21036.04250315972,21037.034876194804,21035.85341066588,21036.385962313532
2024-01-02 15:15:00,NIFTY,1000,21036.385962313532,21037.923553795063,21035.412416113828,21037.116431198425
2024-01-02 15:16:00,NIFTY,1000,21037.116431198425,21038.64315212684,21035.746722420456,21038.40657037596
2024-01-02 15:17:00,NIFTY,1000,21038.40657037596,21038.879665912387,21037.897606750255,21038.487249945207
2024-01-02 15:18:00,NIFTY,1000,21038.487249945207,21040.32059110971,21037.5448036014,21037.572887466995
2024-01-02 15:19:00,NIFTY,1000,21037.572887466995,21038.09697586493,21035.95584604696,21036.108200918992
2024-01-02 15:20:00,NIFTY,1000,21036.108200918992,21037.72897188772,21036.092821937626,21037.102781855498
2024-01-02 15:21:00,NIFTY,1000,21037.102781855498,21037.43067657201,21036.052269402924,21036.20746008678
2024-01-02 15:22:00,NIFTY,1000,21036.20746008678,21038.423263996578,21035.081872315743,21037.564814056204
2024-01-02 15:23:00,NIFTY,1000,21037.564814056204,21038.910684979677,21035.153125748744,21035.972383608467
2024-01-02 15:24:00,NIFTY,1000,21035.972383608467,21038.37065275245,21035.308663231488,21037.34323121711
2024-01-02 15:25:00,NIFTY,1000,21037.34323121711,21039.76161775852,21037.205859428712,21038.910719796353
2024-01-02 15:26:00,NIFTY,1000,21038.910719796353,21038.976267403137,21036.43830020581,21038.419992012205
2024-01-02 15:27:00,NIFTY,1000,21038.419992012205,21039.842740148302,21037.044371831787,21037.970587234027
2024-01-02 15:28:00,NIFTY,1000,21037.970587234027,21038.492830915275,21035.17163632653,21035.98804031263
2024-01-02 15:29:00,NIFTY,1000,21035.98804031263,21036.742239557905,21035.790724605224,21036.653581966944
2024-01-03 09:15:00,NIFTY,1000,21100.0,21100.20330294357,21097.69583905072,21097.980522086393
2024-01-03 09:16:00,NIFTY,1000,21097.980522086393,21099.56146057683,21097.53033282154,21099.42201430115
2024-01-03 09:17:00,NIFTY,1000,21099.42201430115,21106.82253202677,21099.405123584907,21103.990012455994
2024-01-03 09:18:00,NIFTY,1000,21103.990012455994,21104.54054930549,21102.346296081672,21103.567008507587
2024-01-03 09:19:00,NIFTY,1000,21103.567008507587,21104.802130329535,21101.945049086513,21102.26514106746
2024-01-03 09:20:00,NIFTY,1000,21102.26514106746,21106.390828222706,21101.12630794968,21105.76862107866
2024-01-03 09:21:00,NIFTY,1000,21105.76862107866,21106.041640839387,21105.126313708308,21105.49143912029
2024-01-03 09:22:00,NIFTY,1000,21105.49143912029,21108.823329889405,21104.673549462263,21107.26957112339
2024-01-03 09:23:00,NIFTY,1000,21107.26957112339,21108.544162998685,21102.82551785585,21103.635580159906
2024-01-03 09:24:00,NIFTY,1000,21103.635580159906,21104.82499205277,21100.14918064428,21101.791853597537
2024-01-03 09:25:00,NIFTY,1000,21101.791853597537,21104.116215408507,21101.643630719944,21103.923922430364
2024-01-03 09:26:00,NIFTY,1000,21103.923922430364,21104.46803643248,21101.63522548895,21101.79801839502
2024-01-03 09:27:00,NIFTY,1000,21101.79801839502,21103.541866511652,21097.79412211218,21097.91314051823
2024-01-03 09:28:00,NIFTY,1000,21097.91314051823,21101.496542690995,21096.918791143627,21101.267942775656
2024-01-03 09:29:00,NIFTY,1000,21101.267942775656,21102.046922487694,21098.786700453024,21101.19658862013
2024-01-03 09:30:00,NIFTY,1000,21101.19658862013,21107.976902399107,21100.93369779092,21107.957642019373
2024-01-03 09:31:00,NIFTY,1000,21107.957642019373,21119.68354391031,21107.74132513781,21117.665635946476
2024-01-03 09:32:00,NIFTY,1000,21117.665635946476,21122.87592812525,21116.947450220767,21122.16054680981
2024-01-03 09:33:00,NIFTY,1000,21122.16054680981,21128.56861031573,21121.968312045617,21128.330915191043
2024-01-03 09:34:00,NIFTY,1000,21128.330915191043,21132.557434149978,21126.78189503955,21132.45557785471
2024-01-03 09:35:00,NIFTY,1000,21132.45557785471,21138.229011769417,21131.10413208982,21137.240342600056
2024-01-03 09:36:00,NIFTY,1000,21137.240342600056,21147.20723981496,21136.99638940215,21147.03389815059
2024-01-03 09:37:00,NIFTY,1000,21147.03389815059,21157.550403398272,21146.097609518183,21155.276907139156
2024-01-03 09:38:00,NIFTY,1000,21155.276907139156,21159.803487729972,21153.633718328,21159.700232969823
2024-01-03 09:39:00,NIFTY,1000,21159.700232969823,21168.374831882746,21159.65906349291,21167.679788222595
2024-01-03 09:40:00,NIFTY,1000,21167.679788222595,21177.362993118797,21167.449087316876,21177.3421066305
2024-01-03 09:41:00,NIFTY,1000,21177.3421066305,21187.249981023353,21176.69208996183,21187.044253432527
2024-01-03 09:42:00,NIFTY,1000,21187.044253432527,21191.222499956904,21186.72653833577,21190.847303576586
2024-01-03 09:43:00,NIFTY,1000,21190.847303576586,21198.21988193258,21189.434308820953,21197.82661270911
2024-01-03 09:44:00,NIFTY,1000,21197.82661270911,21201.50053613431,21196.686463670587,21201.002314385812
2024-01-03 09:45:00,NIFTY,1000,21201.002314385812,21207.277657685427,21200.153752351336,21206.10764003483
2024-01-03 09:46:00,NIFTY,1000,21206.10764003483,21211.10319756189,21205.64128166038,21210.86917770278
2024-01-03 09:47:00,NIFTY,1000,21210.86917770278,21216.95914884886,21210.249251370387,21216.629083848045
2024-01-03 09:48:00,NIFTY,1000,21216.629083848045,21219.96185255899,21214.53954512635,21219.126709657365
2024-01-03 09:49:00,NIFTY,1000,21219.126709657365,21222.23877037959,21218.542137029413,21222.200908464583
2024-01-03 09:50:00,NIFTY,1000,21222.200908464583,21228.159661036716,21222.194108620024,21226.136054817485
2024-01-03 09:51:00,NIFTY,1000,21226.136054817485,21229.58749690331,21225.518418208092,21228.74596856127
2024-01-03 09:52:00,NIFTY,1000,21228.74596856127,21236.635149435824,21227.212534859977,21234.423287524496
2024-01-03 09:53:00,NIFTY,1000,21234.423287524496,21236.97523622919,21233.19114519468,21236.77448706564
2024-01-03 09:54:00,NIFTY,1000,21236.77448706564,21240.8772152092,21236.185933795867,21240.447970788904
2024-01-03 09:55:00,NIFTY,1000,21240.447970788904,21250.18094803899,21240.116126925644,21250.13298659301
2024-01-03 09:56:00,NIFTY,1000,21250.13298659301,21256.233630481707,21248.769812588416,21254.20932085842
2024-01-03 09:57:00,NIFTY,1000,21254.20932085842,21256.95671776948,21254.16794180583,21256.793973354634
2024-01-03 09:58:00,NIFTY,1000,21256.793973354634,21260.7407217591,21256.774825577217,21260.314834552904
2024-01-03 09:59:00,NIFTY,1000,21260.314834552904,21268.458206028485,21259.071510624497,21268.37331620998
2024-01-03 10:00:00,NIFTY,1000,21268.37331620998,21269.96639885362,21267.08004325211,21269.24664091147
2024-01-03 10:01:00,NIFTY,1000,21269.24664091147,21270.1451987774,21268.043508309456,21269.91304282766
2024-01-03 10:02:00,NIFTY,1000,21269.91304282766,21271.312608502096,21269.91233423308,21270.999550471573
2024-01-03 10:03:00,NIFTY,1000,21270.999550471573,21271.61803885203,21268.828226825208,21269.03570434789
2024-01-03 10:04:00,NIFTY,1000,21269.03570434789,21270.28611208186,21267.345896139952,21267.950411466307
2024-01-03 10:05:00,NIFTY,1000,21267.950411466307,21268.419983284657,21266.522987925226,21267.237091424944
2024-01-03 10:06:00,NIFTY,1000,21267.237091424944,21267.673811160985,21265.55255591957,21265.618688534196
2024-01-03 10:07:00,NIFTY,1000,21265.618688534196,21266.41485923889,21265.2032554353,21265.542249120608
2024-01-03 10:08:00,NIFTY,1000,21265.542249120608,21266.286441092107,21264.516564703023,21264.697788876245
2024-01-03 10:09:00,NIFTY,1000,21264.697788876245,21268.0149234083,21263.09452840943,21266.670808937935
2024-01-03 10:10:00,NIFTY,1000,21266.670808937935,21269.55440878268,21265.663295248098,21267.687868831323
2024-01-03 10:11:00,NIFTY,1000,21267.687868831323,21269.244542651995,21266.108253323917,21268.83806517476
2024-01-03 10:12:00,NIFTY,1000,21268.83806517476,21270.04923710404,21267.54161490179,21268.27237902086
2024-01-03 10:13:00,NIFTY,1000,21268.27237902086,21269.79865001758,21267.006175226383,21267.038750803797
2024-01-03 10:14:00,NIFTY,1000,21267.038750803797,21267.445787116725,21264.508152200146,21265.194470657098
2024-01-03 10:15:00,NIFTY,1000,21265.194470657098,21268.53655497143,21263.211084422244,21266.9963073394
2024-01-03 10:16:00,NIFTY,1000,21266.9963073394,21268.93387525305,21266.89195140187,21267.316662678077
2024-01-03 10:17:00,NIFTY,1000,21267.316662678077,21268.09593656547,21266.156071838872,21266.446646941968
2024-01-03 10:18:00,NIFTY,1000,21266.446646941968,21268.421593385345,21265.524996830045,21268.23247299457
2024-01-03 10:19:00,NIFTY,1000,21268.23247299457,21269.714826426018,21264.76104310263,21269.353935006595
2024-01-03 10:20:00,NIFTY,1000,21269.353935006595,21270.60632845101,21267.8090235602,21268.172655442824
2024-01-03 10:21:00,NIFTY,1000,21268.172655442824,21268.538886982144,21267.05503400887,21267.49891423909
2024-01-03 10:22:00,NIFTY,1000,21267.49891423909,21270.10312809572,21265.58459923299,21265.783547379782
2024-01-03 10:23:00,NIFTY,1000,21265.783547379782,21267.505628945833,21264.825819726124,21267.02706170382
2024-01-03 10:24:00,NIFTY,1000,21267.02706170382,21268.481750039165,21265.83455419134,21267.80153393371
2024-01-03 10:25:00,NIFTY,1000,21267.80153393371,21267.91100453776,21265.355385291565,21266.407914232914
2024-01-03 10:26:00,NIFTY,1000,21266.407914232914,21266.91209406392,21265.45628126529,21265.53780393839
2024-01-03 10:27:00,NIFTY,1000,21265.53780393839,21266.228040738773,21261.49090276003,21264.049271143285
2024-01-03 10:28:00,NIFTY,1000,21264.049271143285,21265.13651708215,21261.181983694405,21262.26780882329
2024-01-03 10:29:00,NIFTY,1000,21262.26780882329,21263.48518239304,21260.36892005275,21261.18947547176
2024-01-03 10:30:00,NIFTY,1000,21261.18947547176,21264.30898371691,21260.511910819423,21262.58317698812
2024-01-03 10:31:00,NIFTY,1000,21262.58317698812,21263.446773647367,21261.30471429489,21261.88435752421
2024-01-03 10:32:00,NIFTY,1000,21261.88435752421,21262.66774803349,21260.359274509192,21260.610813395237
2024-01-03 10:33:00,NIFTY,1000,21260.610813395237,21263.297319349054,21258.890710844287,21261.837587474016
2024-01-03 10:34:00,NIFTY,1000,21261.837587474016,21262.566962633573,21261.029321752376,21262.481644491007
2024-01-03 10:35:00,NIFTY,1000,21262.481644491007,21263.79923245791,21261.912260790858,21263.318927804896
2024-01-03 10:36:00,NIFTY,1000,21263.318927804896,21264.304469019487,21261.815847503138,21263.65401892695
2024-01-03 10:37:00,NIFTY,1000,21263.65401892695,21264.624412316796,21262.03689352695,21262.840258575776
2024-01-03 10:38:00,NIFTY,1000,21262.840258575776,21264.83592606556,21258.140403876037,21261.250322432043
2024-01-03 10:39:00,NIFTY,1000,21261.250322432043,21262.332264491783,21259.731913043823,21260.727445512905
2024-01-03 10:40:00,NIFTY,1000,21260.727445512905,21260.957516272098,21260.076566999065,21260.574310088155
2024-01-03 10:41:00,NIFTY,1000,21260.574310088155,21261.9128678955,21259.89771207154,21261.49023433478
2024-01-03 10:42:00,NIFTY,1000,21261.49023433478,21263.27681970419,21260.390080101806,21262.718517950245
2024-01-03 10:43:00,NIFTY,1000,21262.718517950245,21263.776724997188,21261.12339964512,21262.060959767325
2024-01-03 10:44:00,NIFTY,1000,21262.060959767325,21262.314846963764,21261.39221811173,21262.309250944934
2024-01-03 10:45:00,NIFTY,1000,21262.309250944934,21262.763434112123,21261.296588536858,21261.831321784415
2024-01-03 10:46:00,NIFTY,1000,21261.831321784415,21263.063064460384,21261.759722532555,21262.76909751272
2024-01-03 10:47:00,NIFTY,1000,21262.76909751272,21264.18537581498,21262.314302343075,21264.12508682359
2024-01-03 10:48:00,NIFTY,1000,21264.12508682359,21265.01546998711,21262.489775427468,21263.064980443574
2024-01-03 10:49:00,NIFTY,1000,21263.064980443574,21265.069924891184,21263.02504404636,21263.25070170789
2024-01-03 10:50:00,NIFTY,1000,21263.25070170789,21265.193282440476,21262.72466686522,21264.701263592484
2024-01-03 10:51:00,NIFTY,1000,21264.701263592484,21265.908483584528,21264.42139050632,21264.91209189536
2024-01-03 10:52:00,NIFTY,1000,21264.91209189536,21266.852112387005,21264.049316131317,21266.373274930997
2024-01-03 10:53:00,NIFTY,1000,21266.373274930997,21266.749848946136,21264.72359921721,21265.53345705885
2024-01-03 10:54:00,NIFTY,1000,21265.53345705885,21267.40375197081,21264.167501347645,21266.720182647612
2024-01-03 10:55:00,NIFTY,1000,21266.720182647612,21267.076913429028,21266.080418120167,21267.007166580188
2024-01-03 10:56:00,NIFTY,1000,21267.007166580188,21268.03653808837,21264.805027210517,21266.15769749636
2024-01-03 10:57:00,NIFTY,1000,21266.15769749636,21267.86061577821,21265.28925646711,21266.64286729256
2024-01-03 10:58:00,NIFTY,1000,21266.64286729256,21267.17866875561,21264.55361887726,21266.260976834852
2024-01-03 10:59:00,NIFTY,1000,21266.260976834852,21267.434990206904,21266.097656027567,21267.002752367735
2024-01-03 11:00:00,NIFTY,1000,21267.002752367735,21267.16277059359,21265.996653819624,21266.49843655579
2024-01-03 11:01:00,NIFTY,1000,21266.49843655579,21268.369815504055,21265.977468390214,21267.18435315046
2024-01-03 11:02:00,NIFTY,1000,21267.18435315046,21267.597818311584,21266.59740810029,21266.85768860687
2024-01-03 11:03:00,NIFTY,1000,21266.85768860687,21267.36476422239,21264.300648159315,21265.969099711227
2024-01-03 11:04:00,NIFTY,1000,21265.969099711227,21267.923371670408,21265.210604376527,21267.890574674995
2024-01-03 11:05:00,NIFTY,1000,21267.890574674995,21269.404172649647,21265.99467259053,21266.608033403045
2024-01-03 11:06:00,NIFTY,1000,21266.608033403045,21269.27243897739,21265.678522542858,21267.426251115154
2024-01-03 11:07:00,NIFTY,1000,21267.426251115154,21268.25476655129,21266.353916150572,21267.016700629367
2024-01-03 11:08:00,NIFTY,1000,21267.016700629367,21267.938560442493,21265.94490204752,21266.9488594196
2024-01-03 11:09:00,NIFTY,1000,21266.9488594196,21267.663461892455,21266.552923743973,21267.5758836735
2024-01-03 11:10:00,NIFTY,1000,21267.5758836735,21268.122563758086,21265.612146431435,21265.88380154176
2024-01-03 11:11:00,NIFTY,1000,21265.88380154176,21267.778562462372,21264.636044707684,21266.27997989036
2024-01-03 11:12:00,NIFTY,1000,21266.27997989036,21267.091376444852,21264.20132471304,21265.34958800179
2024-01-03 11:13:00,NIFTY,1000,21265.34958800179,21267.75108695074,21264.423525623977,21266.176107481304
2024-01-03 11:14:00,NIFTY,1000,21266.176107481304,21267.19376894815,21264.988997185537,21265.26049249636
2024-01-03 11:15:00,NIFTY,1000,21265.26049249636,21267.262337767203,21264.983699047036,21267.047427412053
2024-01-03 11:16:00,NIFTY,1000,21267.047427412053,21268.44508860311,21265.877837419623,21267.397770896492
2024-01-03 11:17:00,NIFTY,1000,21267.397770896492,21267.441550659205,21266.774536523055,21267.03037765996
2024-01-03 11:18:00,NIFTY,1000,21267.03037765996,21267.60243510167,21265.98059279968,21266.042783816676
2024-01-03 11:19:00,NIFTY,1000,21266.042783816676,21266.4281671442,21265.21847261,21265.638925087245
2024-01-03 11:20:00,NIFTY,1000,21265.638925087245,21266.35231923022,21265.464570829343,21266.328767079347
2024-01-03 11:21:00,NIFTY,1000,21266.328767079347,21266.645307405957,21264.50960813449,21264.69926901155
2024-01-03 11:22:00,NIFTY,1000,21264.69926901155,21265.13603324879,21262.82877580165,21264.435352902387
2024-01-03 11:23:00,NIFTY,1000,21264.435352902387,21265.344951717896,21264.34859715184,21265.329144173786
2024-01-03 11:24:00,NIFTY,1000,21265.329144173786,21267.07457360844,21264.63943636854,21265.782310913335
2024-01-03 11:25:00,NIFTY,1000,21265.782310913335,21266.99770485604,21265.21436917026,21266.638521806846
2024-01-03 11:26:00,NIFTY,1000,21266.638521806846,21267.422287472433,21264.002962970575,21264.693504022893
2024-01-03 11:27:00,NIFTY,1000,21264.693504022893,21266.3985181701,21263.475926022824,21263.77672933504
2024-01-03 11:28:00,NIFTY,1000,21263.77672933504,21264.78370947528,21263.537324834502,21264.20365623391
2024-01-03 11:29:00,NIFTY,1000,21264.20365623391,21266.41749585699,21263.75112479755,21266.009619074615
2024-01-03 11:30:00,NIFTY,1000,21266.009619074615,21267.3775095627,21265.266936656255,21267.301554294783
2024-01-03 11:31:00,NIFTY,1000,21267.301554294783,21268.718574707764,21265.42134286307,21266.102682366258
2024-01-03 11:32:00,NIFTY,1000,21266.102682366258,21267.81763804385,21266.06474453081,21267.05435193967
2024-01-03 11:33:00,NIFTY,1000,21267.05435193967,21267.20818385575,21265.77233632528,21266.53880369339
2024-01-03 11:34:00,NIFTY,1000,21266.53880369339,21267.47811749905,21265.15775909024,21266.692131466418
2024-01-03 11:35:00,NIFTY,1000,21266.692131466418,21269.38048058933,21266.050944804003,21268.273515823028
2024-01-03 11:36:00,NIFTY,1000,21268.273515823028,21269.61212162275,21267.39797889227,21268.0908975153
2024-01-03 11:37:00,NIFTY,1000,21268.0908975153,21270.52810728771,21266.05536667248,21268.912740836433
2024-01-03 11:38:00,NIFTY,1000,21268.912740836433,21270.05958727065,21268.053152949455,21269.51003013474
2024-01-03 11:39:00,NIFTY,1000,21269.51003013474,21270.20041676088,21269.281614945092,21269.285707952768
2024-01-03 11:40:00,NIFTY,1000,21269.285707952768,21269.77883077517,21267.80645886683,21269.2500908703
2024-01-03 11:41:00,NIFTY,1000,21269.2500908703,21270.57002394569,21268.757732796308,21269.8707857284
2024-01-03 11:42:00,NIFTY,1000,21269.8707857284,21270.66115762445,21268.172584890915,21268.512636185485
2024-01-03 11:43:00,NIFTY,1000,21268.512636185485,21270.463496898585,21268.18265672453,21269.76913892785
2024-01-03 11:44:00,NIFTY,1000,21269.76913892785,21270.854289454408,21268.100478183056,21268.925888713035
2024-01-03 11:45:00,NIFTY,1000,21268.925888713035,21271.130714054423,21268.39305541224,21268.985911351872
2024-01-03 11:46:00,NIFTY,1000,21268.985911351872,21269.467777413593,21267.85380318944,21268.40106798682
2024-01-03 11:47:00,NIFTY,1000,21268.40106798682,21269.546606204814,21266.26887868882,21267.632251313546
2024-01-03 11:48:00,NIFTY,1000,21267.632251313546,21267.884587557804,21266.78084487928,21267.65478792723
2024-01-03 11:49:00,NIFTY,1000,21267.65478792723,21269.268946677348,21267.640455867386,21267.868272686228
2024-01-03 11:50:00,NIFTY,1000,21267.868272686228,21270.225341272875,21267.38558479902,21269.3035397709
2024-01-03 11:51:00,NIFTY,1000,21269.3035397709,21271.12799843133,21267.712634865995,21270.738596888295
2024-01-03 11:52:00,NIFTY,1000,21270.738596888295,21271.65441598517,21269.812215758313,21271.180783908356
2024-01-03 11:53:00,NIFTY,1000,21271.180783908356,21272.217801477746,21269.153981232812,21269.897796931313
2024-01-03 11:54:00,NIFTY,1000,21269.897796931313,21270.873613650656,21267.44954768797,21268.368002131912
2024-01-03 11:55:00,NIFTY,1000,21268.368002131912,21268.708755178835,21267.943036015666,21268.427735531564
2024-01-03 11:56:00,NIFTY,1000,21268.427735531564,21268.64475258199,21267.536338051978,21267.844820840433
2024-01-03 11:57:00,NIFTY,1000,21267.844820840433,21269.339343057734,21267.244961540597,21267.921719123555
2024-01-03 11:58:00,NIFTY,1000,21267.921719123555,21269.29933662431,21265.587873756285,21266.152647760457
2024-01-03 11:59:00,NIFTY,1000,21266.152647760457,21266.265198475467,21264.58582758926,21265.030863453376
2024-01-03 12:00:00,NIFTY,1000,21265.030863453376,21266.844360538304,21263.150939068237,21265.258377226062
2024-01-03 12:01:00,NIFTY,1000,21265.258377226062,21266.50792393774,21264.203158374738,21265.421997241418
2024-01-03 12:02:00,NIFTY,1000,21265.421997241418,21268.057744980433,21264.10539736564,21264.10877287224
2024-01-03 12:03:00,NIFTY,1000,21264.10877287224,21266.139759581136,21261.889571600277,21265.590880737316
2024-01-03 12:04:00,NIFTY,1000,21265.590880737316,21266.516305363377,21263.79707555036,21264.052459306033
2024-01-03 12:05:00,NIFTY,1000,21264.052459306033,21264.48594902348,21262.595218049544,21263.401285608295
2024-01-03 12:06:00,NIFTY,1000,21263.401285608295,21264.25973672495,21261.99167349368,21262.22629406364
2024-01-03 12:07:00,NIFTY,1000,21262.22629406364,21264.911082110757,21260.783986035753,21261.04355959723
2024-01-03 12:08:00,NIFTY,1000,21261.04355959723,21263.664352688265,21258.00408873564,21259.116055761417
2024-01-03 12:09:00,NIFTY,1000,21259.116055761417,21260.726164074025,21258.277818881845,21259.629761587876
2024-01-03 12:10:00,NIFTY,1000,21259.629761587876,21259.910397992368,21255.911056210316,21257.66967669451
2024-01-03 12:11:00,NIFTY,1000,21257.66967669451,21259.37558954429,21257.331330027588,21259.01414750734
2024-01-03 12:12:00,NIFTY,1000,21259.01414750734,21260.11061674115,21258.328848859765,21258.95452614726
2024-01-03 12:13:00,NIFTY,1000,21258.95452614726,21259.288254010826,21258.462091637262,21258.75970259938
2024-01-03 12:14:00,NIFTY,1000,21258.75970259938,21261.089980670866,21258.69617802476,21260.28994210647
2024-01-03 12:15:00,NIFTY,1000,21260.28994210647,21260.56564429939,21258.900550322316,21259.841246466138
2024-01-03 12:16:00,NIFTY,1000,21259.841246466138,21260.61499061797,21259.62996277386,21260.008290323207
2024-01-03 12:17:00,NIFTY,1000,21260.008290323207,21260.303069607507,21258.16398777345,21259.510166037075
2024-01-03 12:18:00,NIFTY,1000,21259.510166037075,21263.375448158728,21258.89045459111,21261.498895452685
2024-01-03 12:19:00,NIFTY,1000,21261.498895452685,21262.75319431562,21258.908431999116,21260.379340756303
2024-01-03 12:20:00,NIFTY,1000,21260.379340756303,21260.98408542084,21256.4486294101,21258.6541954672
2024-01-03 12:21:00,NIFTY,1000,21258.6541954672,21260.834543339584,21257.68618899226,21259.545146476154
2024-01-03 12:22:00,NIFTY,1000,21259.545146476154,21260.19666846749,21256.440915533236,21257.578601203662
2024-01-03 12:23:00,NIFTY,1000,21257.578601203662,21257.847135190128,21256.00154941038,21257.514558676383
2024-01-03 12:24:00,NIFTY,1000,21257.514558676383,21257.971839081,21254.324589657343,21255.78041197949
2024-01-03 12:25:00,NIFTY,1000,21255.78041197949,21257.65938273593,21255.15634056437,21256.90825188812
2024-01-03 12:26:00,NIFTY,1000,21256.90825188812,21257.390046949706,21256.04716397795,21256.980284153746
2024-01-03 12:27:00,NIFTY,1000,21256.980284153746,21258.182818965783,21256.45145285193,21257.46217929395
2024-01-03 12:28:00,NIFTY,1000,21257.46217929395,21257.75875483909,21255.778895298285,21256.24208009355
2024-01-03 12:29:00,NIFTY,1000,21256.24208009355,21258.41640161722,21254.8003633326,21257.87499404835
2024-01-03 12:30:00,NIFTY,1000,21257.87499404835,21258.682160587727,21256.93368346758,21258.49152499646
2024-01-03 12:31:00,NIFTY,1000,21258.49152499646,21259.11348873238,21257.274404594107,21259.021090293776
2024-01-03 12:32:00,NIFTY,1000,21259.021090293776,21260.73431267023,21258.369001405183,21259.88667874161
2024-01-03 12:33:00,NIFTY,1000,21259.88667874161,21260.644764068296,21258.454601662415,21259.141985974507
2024-01-03 12:34:00,NIFTY,1000,21259.141985974507,21259.157604308457,21257.939112172193,21258.84138934598
2024-01-03 12:35:00,NIFTY,1000,21258.84138934598,21259.06365547843,21257.1137340078,21257.593070869243
2024-01-03 12:36:00,NIFTY,1000,21257.593070869243,21258.10386295777,21256.09368534137,21257.12426592699
2024-01-03 12:37:00,NIFTY,1000,21257.12426592699,21259.235837237196,21256.025715086183,21258.309231729152
2024-01-03 12:38:00,NIFTY,1000,21258.309231729152,21258.481071068945,21256.81222844794,21257.36547966793
2024-01-03 12:39:00,NIFTY,1000,21257.36547966793,21258.182880564833,21256.05395903979,21256.663526868622
2024-01-03 12:40:00,NIFTY,1000,21256.663526868622,21257.905296996298,21255.296389062165,21257.4420907042
2024-01-03 12:41:00,NIFTY,1000,21257.4420907042,21258.486604690443,21255.963452384276,21256.5006308119
2024-01-03 12:42:00,NIFTY,1000,21256.5006308119,21258.309503602908,21255.918604244816,21257.61273178448
2024-01-03 12:43:00,NIFTY,1000,21257.61273178448,21258.56215611121,21254.531536592756,21255.96627157242
2024-01-03 12:44:00,NIFTY,1000,21255.96627157242,21256.31592161972,21254.130853706672,21255.69565647803
2024-01-03 12:45:00,NIFTY,1000,21255.69565647803,21256.93100029518,21252.68690855218,21253.85157376068
2024-01-03 12:46:00,NIFTY,1000,21253.85157376068,21255.772698294855,21253.119703056393,21255.44325050851
2024-01-03 12:47:00,NIFTY,1000,21255.44325050851,21257.516243121296,21254.79862226219,21257.04709409127
2024-01-03 12:48:00,NIFTY,1000,21257.04709409127,21258.11069236669,21256.434625297257,21257.3539036867
2024-01-03 12:49:00,NIFTY,1000,21257.3539036867,21258.88333358939,21256.850114102595,21258.78599677073
2024-01-03 12:50:00,NIFTY,1000,21258.78599677073,21258.82530405836,21257.171822665645,21257.306319450046
2024-01-03 12:51:00,NIFTY,1000,21257.306319450046,21260.25331135548,21256.665785858415,21258.441272454347
2024-01-03 12:52:00,NIFTY,1000,21258.441272454347,21259.680710466622,21257.112339134812,21259.05864047632
2024-01-03 12:53:00,NIFTY,1000,21259.05864047632,21261.17926227621,21257.03859136939,21260.107850974324
2024-01-03 12:54:00,NIFTY,1000,21260.107850974324,21260.855615762423,21259.06276250024,21260.60630716678
2024-01-03 12:55:00,NIFTY,1000,21260.60630716678,21262.69888046959,21260.114163651582,21260.930108686334
2024-01-03 12:56:00,NIFTY,1000,21260.930108686334,21261.42997281007,21259.0877243983,21260.487030573106
2024-01-03 12:57:00,NIFTY,1000,21260.487030573106,21262.406239950735,21259.926549174295,21262.19975896556
2024-01-03 12:58:00,NIFTY,1000,21262.19975896556,21262.935976847275,21261.31452748257,21262.310468830445
2024-01-03 12:59:00,NIFTY,1000,21262.310468830445,21262.749244991475,21261.657377169093,21262.683101706603
2024-01-03 13:00:00,NIFTY,1000,21262.683101706603,21264.44115450233,21261.201438304142,21263.382246915273
2024-01-03 13:01:00,NIFTY,1000,21263.382246915273,21265.15039451291,21262.10547396314,21265.149014861905
2024-01-03 13:02:00,NIFTY,1000,21265.149014861905,21266.924013803517,21263.807538946377,21265.91255076811
2024-01-03 13:03:00,NIFTY,1000,21265.91255076811,21266.316652423116,21263.991729511527,21265.013703621917
2024-01-03 13:04:00,NIFTY,1000,21265.013703621917,21265.97379294665,21264.133889268414,21265.41091208647
2024-01-03 13:05:00,NIFTY,1000,21265.41091208647,21266.36351048112,21264.757906916675,21265.23160005341
2024-01-03 13:06:00,NIFTY,1000,21265.23160005341,21266.78576047412,21263.056537791163,21263.91051376771
2024-01-03 13:07:00,NIFTY,1000,21263.91051376771,21266.243394843965,21260.84856680231,21265.263133667668
2024-01-03 13:08:00,NIFTY,1000,21265.263133667668,21265.504455602582,21263.719668383612,21264.87068246723
2024-01-03 13:09:00,NIFTY,1000,21264.87068246723,21265.02179290451,21263.21345612617,21263.978732564537
2024-01-03 13:10:00,NIFTY,1000,21263.978732564537,21264.81589885568,21263.82789485297,21264.350093286565
2024-01-03 13:11:00,NIFTY,1000,21264.350093286565,21265.157528688032,21262.328063148692,21262.477068348056
2024-01-03 13:12:00,NIFTY,1000,21262.477068348056,21264.035071505154,21261.854357124157,21262.904456170218
2024-01-03 13:13:00,NIFTY,1000,21262.904456170218,21264.52291262389,21262.692577491565,21264.356443495653
2024-01-03 13:14:00,NIFTY,1000,21264.356443495653,21266.201503269494,21263.72486576649,21265.306147838735
2024-01-03 13:15:00,NIFTY,1000,21265.306147838735,21267.58375336916,21265.231371570815,21267.29509943835
2024-01-03 13:16:00,NIFTY,1000,21267.29509943835,21267.81152908224,21266.95867092503,21267.155137508456
2024-01-03 13:17:00,NIFTY,1000,21267.155137508456,21269.3995770513,21266.846687400124,21269.056510042377
2024-01-03 13:18:00,NIFTY,1000,21269.056510042377,21271.01423039899,21268.309931695832,21270.80837096811
2024-01-03 13:19:00,NIFTY,1000,21270.80837096811,21271.467973236628,21268.38764207047,21269.09251052429
2024-01-03 13:20:00,NIFTY,1000,21269.09251052429,21269.583664271428,21268.684063875105,21268.968939368475
2024-01-03 13:21:00,NIFTY,1000,21268.968939368475,21270.671152634553,21267.17608803851,21267.638903724852
2024-01-03 13:22:00,NIFTY,1000,21267.638903724852,21270.03527736908,21266.59685931261,21268.83207651369
2024-01-03 13:23:00,NIFTY,1000,21268.83207651369,21269.21360065288,21267.181956831017,21267.76210048252
2024-01-03 13:24:00,NIFTY,1000,21267.76210048252,21268.218221309995,21267.0019528563,21267.183379476413
2024-01-03 13:25:00,NIFTY,1000,21267.183379476413,21267.5627839754,21265.693341985912,21266.025407235076
2024-01-03 13:26:00,NIFTY,1000,21266.025407235076,21266.056846405452,21264.547559186976,21265.395987821168
2024-01-03 13:27:00,NIFTY,1000,21265.395987821168,21266.748016297348,21264.323478458853,21264.60566586628
2024-01-03 13:28:00,NIFTY,1000,21264.60566586628,21264.789500382605,21260.461226154912,21263.154259818893
2024-01-03 13:29:00,NIFTY,1000,21263.154259818893,21264.580638741176,21260.949212740583,21261.730574962945
2024-01-03 13:30:00,NIFTY,1000,21261.730574962945,21261.81117471224,21260.84885618012,21261.68191223712
2024-01-03 13:31:00,NIFTY,1000,21261.68191223712,21262.86777278425,21258.58580969195,21260.907766109292
2024-01-03 13:32:00,NIFTY,1000,21260.907766109292,21263.640347457967,21260.093614347177,21261.80779041449
2024-01-03 13:33:00,NIFTY,1000,21261.80779041449,21263.33010872504,21261.00190018594,21262.915987557095
2024-01-03 13:34:00,NIFTY,1000,21262.915987557095,21263.346961772702,21262.07082958591,21263.06807837855
2024-01-03 13:35:00,NIFTY,1000,21263.06807837855,21264.770774866894,21261.77400027927,21261.848744447423
2024-01-03 13:36:00,NIFTY,1000,21261.848744447423,21263.09563616296,21261.75701672107,21261.819020730436
2024-01-03 13:37:00,NIFTY,1000,21261.819020730436,21262.09214308284,21260.21020419173,21261.264635846703
2024-01-03 13:38:00,NIFTY,1000,21261.264635846703,21262.827524615215,21260.30357518759,21260.57756826942
2024-01-03 13:39:00,NIFTY,1000,21260.57756826942,21260.83951861876,21257.826468631614,21259.081576380875
2024-01-03 13:40:00,NIFTY,1000,21259.081576380875,21261.617614480972,21258.922531170476,21259.398834247524
2024-01-03 13:41:00,NIFTY,1000,21259.398834247524,21261.495509946093,21257.454349326144,21258.31814115071
2024-01-03 13:42:00,NIFTY,1000,21258.31814115071,21259.181585752995,21257.22083862308,21258.96481018923
2024-01-03 13:43:00,NIFTY,1000,21258.96481018923,21259.87346048497,21256.990843427797,21257.705891610764
2024-01-03 13:44:00,NIFTY,1000,21257.705891610764,21258.25416040569,21255.60390881846,21256.43724273024
2024-01-03 13:45:00,NIFTY,1000,21256.43724273024,21258.213231538943,21255.99215625889,21258.1457378577
2024-01-03 13:46:00,NIFTY,1000,21258.1457378577,21259.363697010005,21256.20454598385,21256.717742348363
2024-01-03 13:47:00,NIFTY,1000,21256.717742348363,21256.83391543244,21255.34240680974,21256.187305263153
2024-01-03 13:48:00,NIFTY,1000,21256.187305263153,21258.099002963743,21255.703428611963,21257.567788669137
2024-01-03 13:49:00,NIFTY,1000,21257.567788669137,21258.941238121075,21256.89095945275,21258.258847126788
2024-01-03 13:50:00,NIFTY,1000,21258.258847126788,21260.593720018456,21257.372166204503,21259.75513422001
2024-01-03 13:51:00,NIFTY,1000,21259.75513422001,21260.05131902474,21257.3825308259,21257.757747783056
2024-01-03 13:52:00,NIFTY,1000,21257.757747783056,21258.904371270448,21257.299361079506,21258.26706352342
2024-01-03 13:53:00,NIFTY,1000,21258.26706352342,21258.981610531893,21257.838652834092,21258.10035790177
2024-01-03 13:54:00,NIFTY,1000,21258.10035790177,21259.03686427656,21257.37710028616,21258.04487984263
2024-01-03 13:55:00,NIFTY,1000,21258.04487984263,21258.11445805155,21256.107478895075,21256.99746645729
2024-01-03 13:56:00,NIFTY,1000,21256.99746645729,21257.60433163515,21256.40497752299,21256.86266410905
2024-01-03 13:57:00,NIFTY,1000,21256.86266410905,21258.801856678147,21255.41072268729,21256.811725525447
2024-01-03 13:58:00,NIFTY,1000,21256.811725525447,21259.33620419497,21255.42338774724,21258.80995633845
2024-01-03 13:59:00,NIFTY,1000,21258.80995633845,21260.719535041382,21257.699952766565,21260.120168547543
2024-01-03 14:00:00,NIFTY,1000,21260.120168547543,21260.930698794014,21259.90477204209,21260.162491577383
2024-01-03 14:01:00,NIFTY,1000,21260.162491577383,21260.852740341215,21260.160645622153,21260.201907615585
2024-01-03 14:02:00,NIFTY,1000,21260.201907615585,21262.28602055508,21256.616857176447,21258.34155382621
2024-01-03 14:03:00,NIFTY,1000,21258.34155382621,21261.2514074595,21258.040056462687,21259.69827540613
2024-01-03 14:04:00,NIFTY,1000,21259.69827540613,21260.268108334367,21257.56722416391,21257.896732899484
2024-01-03 14:05:00,NIFTY,1000,21257.896732899484,21259.144605692683,21257.35047386136,21258.330010899514
2024-01-03 14:06:00,NIFTY,1000,21258.330010899514,21258.78002375751,21256.59186777433,21257.84901699119
2024-01-03 14:07:00,NIFTY,1000,21257.84901699119,21259.17710972429,21257.402774316968,21258.85209558803
2024-01-03 14:08:00,NIFTY,1000,21258.85209558803,21259.537603326826,21255.95122005436,21257.79982888766
2024-01-03 14:09:00,NIFTY,1000,21257.79982888766,21260.156399573283,21257.63360740295,21259.516407756502
2024-01-03 14:10:00,NIFTY,1000,21259.516407756502,21259.614475296046,21256.297157916848,21257.59302969871
2024-01-03 14:11:00,NIFTY,1000,21257.59302969871,21259.396733921963,21256.388336415883,21258.69400590605
2024-01-03 14:12:00,NIFTY,1000,21258.69400590605,21258.7857583905,21256.56218099847,21256.814421394894
2024-01-03 14:13:00,NIFTY,1000,21256.814421394894,21259.24226244102,21255.352196655203,21258.54724174593
2024-01-03 14:14:00,NIFTY,1000,21258.54724174593,21260.130396211596,21258.091702219903,21259.2612416191
2024-01-03 14:15:00,NIFTY,1000,21259.2612416191,21261.38122911748,21258.727840767864,21261.0498874707
2024-01-03 14:16:00,NIFTY,1000,21261.0498874707,21261.925934263232,21258.68707551385,21260.1597461896
2024-01-03 14:17:00,NIFTY,1000,21260.1597461896,21263.208501060977,21258.88037569375,21262.120181573948
2024-01-03 14:18:00,NIFTY,1000,21262.120181573948,21263.75966573647,21260.04346807967,21260.435939185732
2024-01-03 14:19:00,NIFTY,1000,21260.435939185732,21260.904373034013,21258.65479125181,21259.809485994443
2024-01-03 14:20:00,NIFTY,1000,21259.809485994443,21261.84806527113,21258.661794604628,21261.524008242905
2024-01-03 14:21:00,NIFTY,1000,21261.524008242905,21261.579206477192,21259.6410186454,21260.12589732693
2024-01-03 14:22:00,NIFTY,1000,21260.12589732693,21260.31886532649,21258.495424083212,21260.13196916833
2024-01-03 14:23:00,NIFTY,1000,21260.13196916833,21261.604372705453,21259.315962319557,21260.77962369888
2024-01-03 14:24:00,NIFTY,1000,21260.77962369888,21262.040104670483,21259.032260500964,21261.091188149658
2024-01-03 14:25:00,NIFTY,1000,21261.091188149658,21261.36134814204,21260.10688645243,21260.700813186853
2024-01-03 14:26:00,NIFTY,1000,21260.700813186853,21262.289550599337,21260.092223463613,21261.46503643781
2024-01-03 14:27:00,NIFTY,1000,21261.46503643781,21262.30114343369,21258.318779908182,21260.2035662672
2024-01-03 14:28:00,NIFTY,1000,21260.2035662672,21261.879867919775,21259.633214900787,21261.52736295142
2024-01-03 14:29:00,NIFTY,1000,21261.52736295142,21261.71584713171,21259.67673130973,21261.653182608177
2024-01-03 14:30:00,NIFTY,1000,21261.653182608177,21263.02149764701,21258.865674888053,21260.852950887285
2024-01-03 14:31:00,NIFTY,1000,21260.852950887285,21260.975794325823,21258.501909002436,21259.5105730036
2024-01-03 14:32:00,NIFTY,1000,21259.5105730036,21262.3839318144,21258.664257026136,21261.120225136747
2024-01-03 14:33:00,NIFTY,1000,21261.120225136747,21263.6642892088,21260.310335815084,21261.754870556502
2024-01-03 14:34:00,NIFTY,1000,21261.754870556502,21265.00330385907,21260.794824261226,21263.348416422843
2024-01-03 14:35:00,NIFTY,1000,21263.348416422843,21263.815132656848,21260.88529377986,21261.391660757385
2024-01-03 14:36:00,NIFTY,1000,21261.391660757385,21262.52186448206,21257.39780215421,21259.809478829786
2024-01-03 14:37:00,NIFTY,1000,21259.809478829786,21259.95838890563,21257.60487428889,21258.284315211826
2024-01-03 14:38:00,NIFTY,1000,21258.284315211826,21259.311818781636,21258.07210624192,21259.23978192035
2024-01-03 14:39:00,NIFTY,1000,21259.23978192035,21261.113280143436,21258.657537442792,21259.36894942416
2024-01-03 14:40:00,NIFTY,1000,21259.36894942416,21263.03001989664,21258.50856441338,21261.122212338763
2024-01-03 14:41:00,NIFTY,1000,21261.122212338763,21261.25171278977,21259.021976563105,21259.32361044664
2024-01-03 14:42:00,NIFTY,1000,21259.32361044664,21259.880163571175,21257.81984485528,21259.155326424378
2024-01-03 14:43:00,NIFTY,1000,21259.155326424378,21261.020871525456,21257.13810451792,21258.16675889738
2024-01-03 14:44:00,NIFTY,1000,21258.16675889738,21259.55460399257,21256.840962249837,21259.46096780383
2024-01-03 14:45:00,NIFTY,1000,21259.46096780383,21260.614531232488,21258.34563626214,21258.86424424117
2024-01-03 14:46:00,NIFTY,1000,21258.86424424117,21260.383590316647,21255.34480657425,21258.17696217236
2024-01-03 14:47:00,NIFTY,1000,21258.17696217236,21260.096166361916,21256.87561864552,21259.54059701397
2024-01-03 14:48:00,NIFTY,1000,21259.54059701397,21261.185646576658,21258.386696279715,21260.774219969546
2024-01-03 14:49:00,NIFTY,1000,21260.774219969546,21261.184982159117,21260.423912671427,21260.61071606269
2024-01-03 14:50:00,NIFTY,1000,21260.61071606269,21260.801139952615,21258.63607240437,21259.085291125655
2024-01-03 14:51:00,NIFTY,1000,21259.085291125655,21259.23841158011,21258.57145250881,21259.2115797364
2024-01-03 14:52:00,NIFTY,1000,21259.2115797364,21259.665088448957,21257.860278122156,21258.842572156413
2024-01-03 14:53:00,NIFTY,1000,21258.842572156413,21262.450641125954,21258.343486590948,21260.727175785887
2024-01-03 14:54:00,NIFTY,1000,21260.727175785887,21261.68990835117,21258.794366316455,21259.00097759615
2024-01-03 14:55:00,NIFTY,1000,21259.00097759615,21259.631992017836,21258.513563669247,21259.452160938297
2024-01-03 14:56:00,NIFTY,1000,21259.452160938297,21260.166770728934,21255.709431852974,21257.759373131554
2024-01-03 14:57:00,NIFTY,1000,21257.759373131554,21258.1626735218,21256.944586874502,21257.372204156087
2024-01-03 14:58:00,NIFTY,1000,21257.372204156087,21259.191201933732,21256.662763153658,21257.8195282365
2024-01-03 14:59:00,NIFTY,1000,21257.8195282365,21258.88881509192,21254.456079778018,21256.243025509353
2024-01-03 15:00:00,NIFTY,1000,21256.243025509353,21257.50186398926,21256.03863647775,21256.94631720977
2024-01-03 15:01:00,NIFTY,1000,21256.94631720977,21257.323361378905,21256.17773948146,21256.527354471495
2024-01-03 15:02:00,NIFTY,1000,21256.527354471495,21257.92994992934,21255.998022359046,21257.836563070443
2024-01-03 15:03:00,NIFTY,1000,21257.836563070443,21257.98966506338,21255.49122044586,21256.50937769351
2024-01-03 15:04:00,NIFTY,1000,21256.50937769351,21258.264310765157,21255.416498608236,21255.43490023902
2024-01-03 15:05:00,NIFTY,1000,21255.43490023902,21257.6209201379,21255.17896967735,21257.2673722747
2024-01-03 15:06:00,NIFTY,1000,21257.2673722747,21259.229852848617,21256.57464951958,21259.004588731368
2024-01-03 15:07:00,NIFTY,1000,21259.004588731368,21260.988325661372,21258.443000795996,21259.523871349105
2024-01-03 15:08:00,NIFTY,1000,21259.523871349105,21260.382080418036,21257.70580942655,21259.64904742251
2024-01-03 15:09:00,NIFTY,1000,21259.64904742251,21260.87363001629,21259.37502006984,21260.57503327868
2024-01-03 15:10:00,NIFTY,1000,21260.57503327868,21263.10728379945,21260.434673408832,21261.906752140974
2024-01-03 15:11:00,NIFTY,1000,21261.906752140974,21262.63898664811,21261.418566747736,21261.631958966344
2024-01-03 15:12:00,NIFTY,1000,21261.631958966344,21261.688547455244,21259.417665246743,21260.636636036535
2024-01-03 15:13:00,NIFTY,1000,21260.636636036535,21261.365961011237,21258.87204012726,21260.69301780674
2024-01-03 15:14:00,NIFTY,1000,21260.69301780674,21260.78747652118,21259.574252619823,21259.993862591848
2024-01-03 15:15:00,NIFTY,1000,21259.993862591848,21262.21535792487,21258.815045951626,21260.907346009208
2024-01-03 15:16:00,NIFTY,1000,21260.907346009208,21262.258583428254,21260.327488723913,21262.12906618139
2024-01-03 15:17:00,NIFTY,1000,21262.12906618139,21263.335692632456,21261.79268751828,21263.262258113216
2024-01-03 15:18:00,NIFTY,1000,21263.262258113216,21264.629884509628,21262.900840795945,21263.90028203982
2024-01-03 15:19:00,NIFTY,1000,21263.90028203982,21266.097902894297,21262.74841365523,21265.654401173713
2024-01-03 15:20:00,NIFTY,1000,21265.654401173713,21266.105004586578,21262.675289150673,21264.545105490204
2024-01-03 15:21:00,NIFTY,1000,21264.545105490204,21264.872929016547,21263.87538520017,21264.21387916446
2024-01-03 15:22:00,NIFTY,1000,21264.21387916446,21264.602857893813,21263.634984708173,21263.886458317113
2024-01-03 15:23:00,NIFTY,1000,21263.886458317113,21264.7269292528,21261.998223345636,21262.22296896615
2024-01-03 15:24:00,NIFTY,1000,21262.22296896615,21263.27167609257,21258.633931775592,21260.28933888868
2024-01-03 15:25:00,NIFTY,1000,21260.28933888868,21260.663000966942,21258.434143933344,21258.94141534394
2024-01-03 15:26:00,NIFTY,1000,21258.94141534394,21260.55445064039,21258.201762192213,21260.415053439727
2024-01-03 15:27:00,NIFTY,1000,21260.415053439727,21260.49853456525,21258.0975682404,21258.617543328804
2024-01-03 15:28:00,NIFTY,1000,21258.617543328804,21258.690223853133,21257.777630619818,21258.189123764376
2024-01-03 15:29:00,NIFTY,1000,21258.189123764376,21258.865794567624,21255.229741001607,21256.234333910732
